Row Labels,Acb,Act,At,Ba,Bg,Bl,Bp,Cw,Dr,Ep,Fd,Hm,Hw,La,Lt,Lw,Mb,Pa,Pl,Pw,Py,Qg,Ra,Sb,Se,Ss,Sw,Sx,Sxs,Yc
BGxh1/04,,,,,,,,,,,3,,,,,,,,,,3,,,,,,,,,
BGxh1/05,,,1,,,,,,,,3,,,,,,,,,,3,,,,,,,,,
BGxh1/06,,1,1,,,,,,,1,3,,,,,,,,,,3,,,,,,,,,
BGxh1/07,,1,1,,,,,,,1,3,,,,,,,,3,,3,,,,,,,3,,
BGxh2/03,,,,,,,,,,,,,,,,,,,,,3,,,,,,,,,
BGxh2/04,,,,,,,,,,,3,,,,,,,,,,3,,,,,,,,,
BGxh2/07,,1,1,,,,,,,1,3,,,,,,,,,,3,,,,,,,3,,
BGxw1/03,,,,,,,,,,,3,,,,,,,,,,3,,,,,,,,,
BGxw1/05,,,,,,,,,,,3,,,,,,,,,,3,,,,,,,,,
BGxw1/08,,,1,,,,,,,,3,,,,,,,,,,,,,,,,,,,
BWBSdk/101,1,,1,,,2,,,,1,,,,,,,,,3,,,,,1,,,3,,,
BWBSdk/102,,,1,,,1,,,,,,,,,,,,,3,,,,,1,,,1,,,
BWBSdk/103,,,1,,,2,,,,1,,,,,,,,,3,,,,,1,,,3,,,
BWBSdk/104,,,1,,,1,,,,,,,,,,,,,3,,,,,3,,,3,,,
BWBSdk/110,3,,1,,,1,,,,1,,,,,,,,,2,,,,,1,,,3,,,
BWBSdk/111,3,,1,,,1,,,,1,,,,,,,,,2,,,,,1,,,3,,,
BWBSmk/101,3,,1,,,,,,,1,,,,,,,,,3,,,,,1,,,3,,,
BWBSmk/102,,,1,,,,,,,,,,,,,,,,3,,,,,1,,,1,,,
BWBSmk/103,,,1,,,,,,,1,,,,,,,,,3,,,,,,,,3,,,
BWBSmk/104,,,1,,,,,,,,,,,,2,,,,3,,,,,3,,,3,,,
BWBSmk/110,3,,1,,,,,,,1,,,,,,,,,2,,,,,1,,,3,,,
BWBSmk/111,3,,1,,,,,,,1,,,,,,,,,2,,,,,1,,,3,,,
BWBSmw/101,3,,1,,,,,,,1,,,,,,,,,3,,,,,1,,,3,,,
BWBSmw/102,,,1,,,,,,,,,,,,,,,,3,,,,,,,,1,,,
BWBSmw/103,,,1,,,,,,,,,,,,,,,,3,,,,,,,,2,,,
BWBSmw/104,,,1,,,,,,,,,,,,,,,,3,,,,,1,,,1,,,
BWBSmw/110,1,,1,,,,,,,1,,,,,,,,,2,,,,,1,,,3,,,
BWBSmw/111,3,,,,,,,,,,,,,,,,,,2,,,,,,,,3,,,
BWBSmw/112,3,,,,,,,,,,,,,,,,,,,,,,,,,,2,,,
BWBSwk1/101,,,1,,,,,,,,,,,,,,,,3,,,,,,,,3,,,
BWBSwk1/102,,,,,,,,,,,,,,,,,,,3,,,,,,,,1,,,
BWBSwk1/103,,,1,,,,,,,,,,,,,,,,3,,,,,,,,2,,,
BWBSwk1/104,,,1,,,,,,,,,,,,,,,,3,,,,,1,,,1,,,
BWBSwk1/110,3,,,,,,,,,,,,,,,,,,2,,,,,,,,3,,,
BWBSwk1/111,,,,,,,,,,,,,,,2,,,,3,,,,,3,,,3,,,
BWBSwk2/101,3,,1,,,,,,,0,1,,,,,,,,3,,,,,,,,3,,,
BWBSwk2/102,,,,,,,,,,,,,,,,,,,3,,,,,,,,1,,,
BWBSwk2/103,,,1,,,,,,,,,,,,,,,,3,,,,,1,,,1,,,
BWBSwk2/104,,,1,,,,,,,,,,,,,,,,3,,,,,,,,2,,,
BWBSwk2/110,3,,1,,,,,,,1,,,,,,,,,2,,,,,,,,3,,,
BWBSwk2/111,3,,,,,,,,,,,,,,,,,,2,,,,,,,,3,,,
BWBSwk3/101,3,,1,,,2,,,,0,1,,,,,,,,3,,,,,2,,,3,,,
BWBSwk3/102,,,0,,,1,,,,,,,,,,,,,3,,,,,2,,,2,,,
BWBSwk3/103,,,0,,,1,,,,,,,,,,,,,3,,,,,3,,,2,,,
BWBSwk3/110,1,,,,,3,,,,,,,,,2,,,,1,,,,,2,,,,3,,
BWBSwk3/111,1,,,,,,,,,,,,,,2,,,,2,,,,,3,,,,,,
CDFmm/01,,,,,1,,,1,1,,3,,,,,,1,,2,,,1,3,,,,,,,
CDFmm/02,,,,,,,,,,,3,,,,,,,,2,,,1,3,,,,,,,
CDFmm/03,,,,,,,,,,,3,,,,,,,,2,,,1,3,,,,,,,
CDFmm/04,,1,,,1,,,1,1,,3,,,,,,1,,,,,1,,,,,,,,
CDFmm/05,,1,,,,,,1,3,,3,,,,,,1,,,,,1,3,,,,,,,
CDFmm/06,,3,,,3,,,3,3,,3,,,,,,1,,,,,1,3,,,,,,,
CDFmm/07,,3,,,3,,,3,3,,3,,,,,,1,,,,,1,3,,,,,,,
CDFmm/08,,3,,,2,,,2,3,,,,,,,,1,,,,,1,3,,,,,,,
CDFmm/09,,1,,,,,,,1,,,,,,,,1,,,,,,,,,,,,,
CDFmm/10,,,,,,,,1,,,,,,,,,,,3,,,,,,,,,,,
CDFmm/11,,1,,,,,,3,1,,,,,,,,1,,,,,,,,,,,,,
CDFmm/12,,1,,,3,,,3,1,,3,,,,,,3,,,,,,,,,,,,,
CDFmm/13,,3,,,3,,,3,3,,2,,,,,,3,,,,,,,,,,,,,
CDFmm/14,,1,,,2,,,3,1,,,,,,,,1,,,,,,,,,,,,,
CWHdm/01,,1,,,,,,1,3,3,3,,2,,,,1,,,1,,,3,,,,,,,
CWHdm/02,,,,,,,,,,,2,,,,,,1,,3,,,1,3,,,,,,,
CWHdm/03,,1,,,,,,1,1,1,3,,1,,,1,1,,,,,,3,,,,,,,
CWHdm/04,,1,,,,,,1,1,1,3,,,,,1,1,,,1,,1,3,,,,,,,
CWHdm/05,,3,,,,,,3,3,3,3,,1,,,,1,,,1,,,,,,,,,,
CWHdm/06,,1,,,,,,3,3,3,1,,3,,,,1,,,,,,,,,,,,,
CWHdm/07,,3,,,3,,,3,3,3,3,,1,,,,3,,,,,,,,,,,,,
CWHdm/08,,1,,,3,,,3,3,3,,,,,,,3,,,,,,,,,,,,,
CWHdm/09,,3,,,2,,,2,3,3,,,,,,,3,,,,,,,,,,,,,
CWHdm/10,,1,,,,,,,1,1,,,,,,,1,,,,,,,,,,,,,
CWHdm/11,,,,,,,,1,,,,,,,,,,,3,,,,,,,,,,,
CWHdm/12,,1,,,,,,3,1,1,,,1,,,,1,,,1,,,,,,1,,,,
CWHdm/13,,3,,,3,,,3,3,3,2,,,,,,3,,,,,,,,,,,,,
CWHdm/14,,3,,,3,,,3,3,3,,,,,,,3,,,,,,,,,,,,,
CWHdm/15,,1,,,,,,3,1,1,,,,,,,1,,,,,,,,,,,,,
CWHds1/01,,1,,,,,,1,3,1,3,,1,,,,1,,,1,,,,,,,,,,
CWHds1/02,,,,,,,,,,,2,,,,,,,,3,,,,,,,,,,,
CWHds1/03,,1,,,,,,1,1,1,3,,1,,,,1,,2,,2,,,,,,,,,
CWHds1/04,,1,,,,,,1,1,1,3,,,,,,3,,,1,1,,,,,,,,,
CWHds1/05,,3,,,,,1,1,3,1,3,,1,,,,3,,,1,,,,,2,,,,,
CWHds1/06,,1,,,,,,1,3,1,2,,3,,,,1,,,,,,,,,,,,,
CWHds1/07,,3,,,3,,0,3,3,1,3,,1,,,,3,,,,,,,,,,,,,
CWHds1/08,,3,,,3,,,3,3,1,,,,,,,3,,,,,,,,,3,,,,
CWHds1/09,,3,,,2,,,2,0,1,,,,,,,3,,,,,,,,,,,,,
CWHds1/10,,1,,,,,,,1,1,,,,,,,1,,,,,,,,,,,,,
CWHds1/11,,,,,,,,1,,,,,,,,,,,3,,,,,,,,,,,
CWHds1/12,,1,,,,,,3,1,1,,,,,,,1,,1,,,,,,,,,,,
CWHds2/01,,1,,,,,,1,1,1,3,,2,,,,1,,,,,,,,,,,,,
CWHds2/02,,,,,,,,,,,1,,,,,,,,3,,,,,,,,,,,
CWHds2/03,,1,,,,,,1,1,1,3,,1,,,,1,,2,,,,,,,,,,,
CWHds2/04,,1,,,,,,1,1,1,3,,,,,,3,,2,,,,,,,,,,,
CWHds2/05,,3,,,,,,1,3,1,3,,1,,,,3,,,,,,,,1,1,,,,
CWHds2/06,,1,,,,,,3,3,1,2,,3,,,,1,,,,,,,,,,,,,
CWHds2/07,,3,,,,,,3,3,1,3,,1,,,,3,,,,,,,,,2,,,,
CWHds2/08,,3,,,,,,3,3,1,,,,,,,3,,,,,,,,,1,,,,
CWHds2/09,,3,,,,,,2,3,1,,,,,,,3,,,,,,,,,1,,,,
CWHds2/10,,1,,,,,,,1,1,,,,,,,1,,,,,,,,,,,,,
CWHds2/11,,,,,,,,1,,,,,,,,,,,3,,,,,,,,,,,
CWHds2/12,,1,,,,,,3,1,1,,,,,,,1,,,,,,,,,1,,,,
CWHmm1/01,,1,,,,,,2,3,,3,,2,,,,1,,,,,,,,,,,,,
CWHmm1/02,,,,,,,,1,,,2,,,,,,1,,3,,,,,,,,,,,
CWHmm1/03,,1,,,,,,1,1,,3,,1,,,,1,,,,,,,,,,,,,
CWHmm1/04,,1,,,,,,1,1,,3,,1,,,,1,,,1,,,,,,,,,,
CWHmm1/05,,1,,1,,,,3,1,,3,,1,,,,1,,,1,,,,,,,,,,
CWHmm1/06,,1,,1,,,,3,3,,1,,3,,,,1,,,,,,,,,,,,,
CWHmm1/07,,3,,1,,,,3,3,,3,,1,,,,3,,,,,,,,,,,,,
CWHmm1/08,,3,,3,,,,3,3,,,,,,,,3,,,,,,,,,3,,,,
CWHmm1/09,,3,,2,,,,2,3,,,,,,,,3,,,,,,,,,,,,,
CWHmm1/10,,1,,,,,,,1,,,,,,,,1,,,,,,,,,,,,,
CWHmm1/11,,,,,,,,1,,,,,,,,,,,3,,,,,,,,,,,
CWHmm1/12,,1,,,,,,3,1,,,,1,,,,1,,,,,,,,,1,,,,
CWHmm2/01,,,,2,,,,2,,,2,3,3,,,,,,,,,,,,1,,,,,2
CWHmm2/02,,,,,,,,1,,,2,,,,,,,,3,,,,,,,,,,,
CWHmm2/03,,,,,,,,1,,,3,3,3,,,,,,,,,,,,2,,,,,1
CWHmm2/04,,,,,,,,1,,,3,,1,,,,,,,1,,,,,2,,,,,1
CWHmm2/05,,,,3,,,2,3,,,2,,2,,,,,,,1,,,,,1,,,,,2
CWHmm2/06,,,,2,,,,3,,,1,3,3,,,,,,,,,,,,,,,,,2
CWHmm2/07,,,,3,,,,3,,,,3,3,,,,,,,,,,,,,,,,,1
CWHmm2/08,,,,3,,,,3,,,1,,2,,,,,,,,,,,,,,,,,2
CWHmm2/09,,,,,,,,,,,,,,,,,,,3,,,,,,,,,,,1
CWHmm2/10,,,,,,,,3,,,,,1,,,,,,,1,,,,,,,,,,1
CWHms1/01,,1,,3,,,1,3,1,1,3,,3,,,,1,,,,,,,,2,,,,,
CWHms1/02,,,,,,,,,,1,2,,,,,,,,3,,,,,,,,,,,
CWHms1/03,,1,,,,,,3,1,1,3,,1,,,,1,,,,,,,,2,,,,,
CWHms1/04,,3,,3,,,1,3,1,1,3,,2,,,,1,,,1,,,,,2,,,,,2
CWHms1/05,,1,,2,,,,3,1,1,,,3,,,,1,,,,,,,,,,,,,2
CWHms1/06,,3,,2,2,,1,3,1,1,3,,1,,,,1,,,,,,,,2,,,,,2
CWHms1/07,,3,,3,,,,3,1,1,1,,,,,,1,,,,,,,,1,3,,,,
CWHms1/08,,3,,2,,,,2,1,1,,,,,,,1,,,,,,,,,,,,,
CWHms1/09,,1,,,,,,,1,1,,,,,,,1,,,,,,,,,,,,,
CWHms1/10,,,,,,,,1,,,,,,,,,,,3,,,,,,,,,,,
CWHms1/11,,1,,,,,,3,1,1,,,,,,,1,,,1,,,,,1,1,,,,2
CWHms2/01,,1,,3,,,,2,1,1,3,,2,,,,1,,,,,,,,,,,,,
CWHms2/02,,,,,,,,,,1,2,,,,,,,,3,,,,,,,,,,,
CWHms2/03,,1,,,,,,1,1,1,3,,1,,,,1,,2,,,,,,,,,,,
CWHms2/04,,3,,3,,,,1,3,1,3,,3,,,,3,,,,,,,,1,1,,,,
CWHms2/05,,1,,2,,1,,1,3,1,,,3,,,,1,,,,,,,,,1,,,,
CWHms2/06,,3,,3,,,,3,3,1,3,,1,,,,3,,,,,,,,1,1,,,,
CWHms2/07,,3,,3,,,,3,3,1,,,,,,,3,,,,,,,,1,1,,,,
CWHms2/08,,3,,2,,,,2,3,1,,,,,,,3,,,,,,,,,,,,,
CWHms2/09,,1,,,,,,,1,1,,,,,,,1,,,,,,,,,,,,,
CWHms2/10,,,,,,,,1,,1,,,,,,,,,3,,,,,,,,,,,
CWHms2/11,,1,,,,,,3,1,1,,,1,,,,1,,,,,,,,,1,,,,
CWHvh1/01,,,,1,,,,3,1,,,,3,,,,1,,2,,,,,,,1,,,,3
CWHvh1/02,,,,,,,,2,1,,,,1,,,,,,3,,,,,,,,,,,2
CWHvh1/03,,,,,,,,3,1,,,,3,,,,1,,3,,,,,,,,,,,3
CWHvh1/04,,,,3,,,,2,1,,,,3,,,,1,,,,,,,,,2,,,,
CWHvh1/05,,,,3,,,,3,3,,,,2,,,,1,,,,,,,,,2,,,,3
CWHvh1/06,,,,3,,,,3,3,,,,2,,,,1,,,,,,,,,2,,,,3
CWHvh1/07,,,,3,,,,3,3,,,,2,,,,1,,,,,,,,,2,,,,
CWHvh1/08,,,,2,,,,3,3,,,,1,,,,1,,,,,,,,,3,,,,
CWHvh1/09,,,,2,,,,2,3,,,,1,,,,1,,,,,,,,,3,,,,
CWHvh1/10,,,,,,,,,1,,,,,,,,1,,,,,,,,,,,,,
CWHvh1/11,,,,,,,,3,1,,,,3,,,,,,3,,,,,,,,,,,3
CWHvh1/12,,,,,,,,2,,,,,,,,,,,3,,,,,,,,,,,2
CWHvh1/13,,,,,,,,3,1,,,,1,,,,1,,1,,,,,,,1,,,,3
CWHvh1/14,,,,,,,,1,1,,,,1,,,,,,1,,,,,,,3,,,,
CWHvh1/15,,,,,,,,1,1,,,,1,,,,,,,,,,,,,3,,,,
CWHvh1/16,,,,,,,,1,1,,,,1,,,,,,1,,,,,,,3,,,,
CWHvh1/17,,,,,,,,2,1,,,,2,,,,,,,,,,,,,3,,,,
CWHvh1/18,,,,,,,,3,,,,,,,,,,,,,,,,,,3,,,,
CWHvh1/19,,,,,,,,,,,,,,,,,,,,,,,,,,3,,,,
CWHvh2/01,,,,1,,,,3,1,,,,3,,,,,,2,,,,,,,1,,,,2
CWHvh2/02,,,,,,,,2,1,,,,1,,,,,,3,,,,,,,,,,,2
CWHvh2/03,,,,,,,,3,1,,,,3,,,,,,3,,,,,,,1,,,,3
CWHvh2/04,,,,3,,,,2,1,,,,3,,,,,,,,,,,,,3,,,,1
CWHvh2/05,,,,3,,,,3,3,,,,2,,,,,,,,,,,,,3,,,,1
CWHvh2/06,,,,3,,,,3,3,,,,2,,,,,,,,,,,,,3,,,,1
CWHvh2/07,,,,3,,,,3,3,,,,2,,,,,,,,,,,,,3,,,,1
CWHvh2/08,,,,2,,,,3,3,,,,2,,,,,,,,,,,,,3,,,,
CWHvh2/09,,,,2,,,,2,3,,,,1,,,,,,,,,,,,,3,,,,
CWHvh2/10,,,,,,,,,1,,,,,,,,,,,,,,,,,,,,,
CWHvh2/11,,,,,,,,3,1,,,1,3,,,,,,2,,,,,,,,,,,3
CWHvh2/12,,,,,,,,3,,,,,,,,,,,3,,,,,,,,,,,3
CWHvh2/13,,,,1,,,,3,1,,,1,1,,,,,,1,,,,,,,1,,,,3
CWHvh2/14,,,,,,,,1,1,,,,1,,,,,,1,,,,,,,3,,,,
CWHvh2/15,,,,,,,,1,1,,,,1,,,,,,,,,,,,,3,,,,
CWHvh2/16,,,,,,,,1,1,,,,1,,,,,,1,,,,,,,3,,,,
CWHvh2/17,,,,,,,,2,1,,,,2,,,,,,,,,,,,,3,,,,1
CWHvh2/18,,,,,,,,3,1,,,,,,,,,,,,,,,,,3,,,,
CWHvh2/19,,1,,,,,,3,1,,,,,,,,,,,,,,,,,3,,,,
CWHvh3/101a,,,,,,,,3,1,,,,3,,,,,,2,,,,,,,1,,,,2
CWHvh3/101b and c,,,,,,,,3,1,,,,3,,,,,,2,,,,,,,,,,,2
CWHvh3/102,,,,,,,,2,1,,,,1,,,,,,3,,,,,,,,,,,2
CWHvh3/103.1,,,,,,,,1,1,,,,1,,,,,,,,,,,,,3,,,,
CWHvh3/103.2,,,,,,,,1,1,,,,1,,,,,,,,,,,,,3,,,,
CWHvh3/104,,,,,,,,1,1,,,,1,,,,,,,,,,,,,3,,,,
CWHvh3/105,,,,,,,,3,1,,,,3,,,,,,,,,,,,,3,,,,1
CWHvh3/106,,,,,,,,3,3,,,,2,,,,,,,,,,,,,3,,,,1
CWHvh3/110,,,,,,,,3,3,,,,2,,,,,,,,,,,,,3,,,,1
CWHvh3/111,,,,,,,,2,3,,,,2,,,,,,,,,,,,,3,,,,
CWHvh3/112,,,,,,,,2,3,,,,1,,,,,,,,,,,,,3,,,,
CWHvh3/113,,,,,,,,,1,,,,,,,,,,,,,,,,,1,,,,
CWHvh3/114,,,,,,,,3,3,,,,2,,,,,,,,,,,,,3,,,,1
CWHvh3/115,,,,,,,,3,1,,,,3,,,,,,2,,,,,,,,,,,3
CWHvh3/116,,,,,,,,2,1,,,,1,,,,,,,,,,,,,3,,,,
CWHvh3/117a,,,,,,,,3,1,,,,1,,,,,,1,,,,,,,2,,,,3
CWHvh3/117b,,,,,,,,3,1,,,,1,,,,,,1,,,,,,,1,,,,3
CWHvh3/Wb53,,,,,,,,3,,,,,,,,,,,3,,,,,,,,,,,3
CWHvm1/01,,1,,3,,,,3,3,,2,,3,,,,1,,,,,,,,,2,,,,
CWHvm1/02,,,,,,,,2,,,2,,2,,,,,,3,,,,,,,,,,,
CWHvm1/03,,1,,,,,,3,1,,2,,3,,,,1,,2,,,,,,,,,,,
CWHvm1/04,,1,,3,,,,3,1,,2,,3,,,,3,,,,,,,,,2,,,,
CWHvm1/05,,1,,3,,,,3,1,,2,,2,,,,3,,,,,,,,,2,,,,
CWHvm1/06,,1,,3,,,,3,3,,,,3,,,,1,,,,,,,,,2,,,,1
CWHvm1/07,,3,,3,,,,3,3,,3,,2,,,,3,,,,,,,,,2,,,,
CWHvm1/08,,3,,3,,,,3,3,,,,2,,,,,,,,,,,,,2,,,,
CWHvm1/09,,3,,3,,,,3,3,,,,2,,,,3,,,,,,,,,1,,,,
CWHvm1/10,,3,,2,,,,2,3,,,,,,,,3,,,,,,,,,1,,,,
CWHvm1/11,,1,,,,,,,1,,,,,,,,1,,,,,,,,,,,,,
CWHvm1/12,,,,,,,,3,1,,,1,3,,,,,,2,,,,,,,,,,,3
CWHvm1/13,,,,,,,,1,,,,,,,,,,,3,,,,,,,,,,,
CWHvm1/14,,1,,,,,,3,1,,,,1,,,,1,,1,,,,,,,1,,,,
CWHvm2/01,,,,3,,,,3,,,3,1,3,,,,,,,,,,,,,2,,,,2
CWHvm2/02,,,,,,,,2,,,2,1,2,,,,,,3,,,,,,,,,,,2
CWHvm2/03,,,,,,,,3,,,2,1,3,,,,,,2,1,,,,,,,,,,2
CWHvm2/04,,,,2,,,,3,,,2,1,3,,,,,,,1,,,,,,1,,,,2
CWHvm2/05,,,,3,,,,3,,,3,1,2,,,,,,,,,,,,,2,,,,2
CWHvm2/06,,,,3,,,,3,,,3,1,3,,,,,,,,,,,,,1,,,,2
CWHvm2/07,,,,3,,,,3,,,3,1,2,,,,,,,,,,,,,2,,,,2
CWHvm2/08,,,,3,,,,3,,,,1,2,,,,,,,,,,,,,2,,,,2
CWHvm2/09,,,,3,,,,3,,,,2,3,,,,,,1,,,,,,,,,,,3
CWHvm2/10,,,,,,,,,,,,2,,,,,,,3,,,,,,,,,,,3
CWHvm2/11,,,,,,,,3,,,,1,1,,,,,,,,,,,,,1,,,,3
CWHwh1/101,,,,,,,,3,3,,,,3,,,,,,,,,,,,,3,,,,
CWHwh1/102,,,,,,,,3,1,,,,3,,,,,,1,,,,,,,2,,,,
CWHwh1/103.1,,,,,,,,1,1,,,,1,,,,,,,,,,,,,3,,,,
CWHwh1/103.2,,,,,,,,1,1,,,,1,,,,,,,,,,,,,3,,,,
CWHwh1/104,,,,,,,,1,1,,,,1,,,,,,,,,,,,,3,,,,
CWHwh1/105,,,,,,,,3,3,,,,2,,,,,,,,,,,,,3,,,,
CWHwh1/110,,,,,,,,3,1,,,,3,,,,,,1,,,,,,,1,,,,
CWHwh1/111,,,,,,,,3,3,,,,2,,,,,,,,,,,,,3,,,,
CWHwh1/112,,,,,,,,2,3,,,,2,,,,,,,,,,,,,3,,,,
CWHwh1/113,,,,,,,,2,3,,,,1,,,,,,,,,,,,,3,,,,
CWHwh1/114,,,,,,,,,1,,,,,,,,,,,,,,,,,1,,,,
CWHwh1/115,,,,,,,,3,1,,,1,2,,,,,,1,,,,,,,,,,,2
CWHwh1/116,,,,,,,,3,3,,,,2,,,,,,,,,,,,,3,,,,
CWHwh1/117,,,,,,,,2,1,,,,1,,,,,,,,,,,,,3,,,,
CWHwh1/118a,,,,,,,,3,1,,,,1,,,,,,1,,,,,,,2,,,,1
CWHwh1/118b,,,,,,,,3,1,,,,1,,,,,,1,,,,,,,1,,,,1
CWHwh1/Wb51,,,,,,,,1,,,,,,,,,,,3,,,,,,,,,,,1
CWHwh2/101,,,,,,,,2,,,,1,3,,,,,,,,,,,,,2,,,,3
CWHwh2/101c,,,,,,,,2,,,,1,3,,,,,,,,,,,,,1,,,,3
CWHwh2/110,,,,,,,,2,,,,1,3,,,,,,,,,,,,,2,,,,3
CWHwh2/111,,,,,,,,1,,,,2,2,,,,,,,,,,,,,1,,,,3
CWHwh2/112a,,,,,,,,2,,,,1,3,,,,,,,,,,,,,2,,,,3
CWHwh2/112b,,,,,,,,2,,,,1,2,,,,,,,,,,,,,2,,,,3
CWHwm/01,,,,2,,,,2,1,,,2,3,,,,,,,,,,,,,3,,,,1
CWHwm/02,,,,,,,,2,1,,,2,3,,,,,,3,,,,,,,1,,,,
CWHwm/03,,1,,2,,,,2,1,,,,2,,,,,,,,,,,,,3,,,,1
CWHwm/04,,1,,2,,,,2,1,,,,2,,,,,,,,,,,,,3,,,,1
CWHwm/05,,1,,2,,,,2,1,,,,2,,,,,,,,,,,,,3,,,,
CWHwm/06,,1,,2,,,,2,1,,,,,,,,,,,,,,,,,2,,,,
CWHwm/07,,,,,,,,,,,,,,,,,,,,,,,,,,,,,,
CWHwm/08,,,,,,,,2,1,,,2,3,,,,,,,,,,,,,,,,,
CWHwm/09,,1,,,,,,2,1,,,1,2,,,,,,,,,,,,,3,,,,2
CWHwm/10,,,,,,,,2,,,,,1,,,,,,3,,,,,,,,,,,3
CWHwm/8,,1,,,,,,,,,,,,,,,,,2,,,,,,,,,,,2
CWHws1/01,,,,3,,,,2,1,,,,2,,,,,,2,,,,,,,,,,2,
CWHws1/02,,,,,,,,1,,,,,2,,,,,,3,,,,,,,,,,,
CWHws1/03,,,,1,,,,2,,,,,3,,,,,,3,,,,,,,,,,,
CWHws1/04,,1,,3,,,,3,1,,,,2,,,,,,1,,,,,,,,,,2,
CWHws1/05,,,,3,,,,3,1,,,,2,,,,,,,,,,,,,,,,2,
CWHws1/06,,1,,3,,,,3,1,,,,2,,,,,,,,,,,,,,,,2,
CWHws1/07,,1,,3,,,,3,1,,,,1,,,,,,,,,,,,,,,,2,
CWHws1/08,,1,,2,,,,2,1,,,,1,,,,,,,,,,,,,,,,2,
CWHws1/09,,1,,,,,,,1,,,,,,,,,,,,,,,,,,,,,
CWHws1/10,,,,,,,,1,,,,,1,,,,,,3,,,,,,,,,,,
CWHws1/11,,1,,1,,,,3,1,,,,1,,,,,,,,,,,,,,,,2,
CWHws2/01,,1,,3,,3,,2,1,1,,1,3,,,,,,2,,,,,,,,,,2,
CWHws2/02,,,,,,,,1,,1,,1,1,,,,,,3,,,,,,,,,,,
CWHws2/03,,1,,1,,,,2,1,1,3,1,3,,,,,,3,,,,,,,,,,,
CWHws2/04,,1,,3,,3,,3,1,1,,1,2,,,,,,,,,,,,,,,,2,
CWHws2/05,,1,,3,,2,,3,1,1,,,3,,,,,,,,,,,,,,,,2,
CWHws2/06,,1,,3,,3,,3,1,1,,,2,,,,,,,,,,,,,,,,2,
CWHws2/07,,3,,3,,2,,3,3,1,,,2,,,,,,,,,,,,,,,,2,
CWHws2/08,,3,,2,,2,,2,3,1,,,1,,,,,,,,,,,,,,,,2,
CWHws2/09,,1,,,,,,,1,1,,,,,,,,,,,,,,,,,,,,
CWHws2/10,,,,,,,,1,,1,,1,1,,,,,,3,,,,,,,,,,,
CWHws2/11,,1,,1,,,,3,1,1,,,1,,,,,,,,,,,,,,,,2,
CWHxm/01,,,,,,,,1,3,3,3,,2,,,,1,,,1,,,3,,,,,,,
CWHxm/02,,,,,,,,,,,2,,,,,,,,3,,,1,3,,,,,,,
CWHxm/03,,1,,,,,,1,1,1,3,,1,,,,1,,2,,,,3,,,,,,,
CWHxm/04,,1,,,,,,1,1,1,3,,,,,,1,,,1,,,,,,,,,,
CWHxm/05,,3,,,1,,,3,3,3,3,,1,,,,1,,,1,,,,,,,,,,
CWHxm/06,,1,,,1,,,3,3,3,2,,3,,,,1,,,,,,,,,,,,,
CWHxm/07,,3,,,3,,,3,3,3,3,,1,,,,3,,,,,,,,,,,,,
CWHxm/08,,3,,,3,,,3,3,3,,,,,,,3,,,,,,,,,3,,,,
CWHxm/09,,3,,,2,,,2,3,3,,,,,,,3,,,,,,,,,,,,,
CWHxm/10,,1,,,,,,,1,1,,,,,,,1,,,,,,,,,,,,,
CWHxm/11,,,,,,,,1,,,,,,,,,,,3,,,,,,,,,,,
CWHxm/12,,1,,,,,,3,1,1,,,1,,,,1,,,1,,,,,,1,,,,
CWHxm/13,,3,,,3,,,3,3,3,2,,,,,,3,,,,,,,,,,,,,
CWHxm/14,,3,,,3,,,3,3,3,,,,,,,3,,,,,,,,,,,,,
CWHxm/15,,1,,,,,,3,1,1,,,,,,,1,,,,,,,,,,,,,
ESSFdc1/101,,,,,,2,,,,,,,,,,,,,2,,,,,,3,,,,,
ESSFdc1/102,,,,,,1,,,,,,,,,,,,1,3,,,,,,2,,,,,
ESSFdc1/103,,,,,,1,,,,,,,,,,,,1,3,,,,,,2,,,,,
ESSFdc1/104,,,,,,2,,,,,,,,,,,,,3,,,,,,3,,,,,
ESSFdc1/110,,,,,,3,,,,,,,,,,,,,,,,,,,3,,,,,
ESSFdc1/111,,,,,,3,,,,,,,,,,,,,,,,,,,3,,,,,
ESSFdc1/112,,,,,,3,,,,,,,,,,,,,,,,,,,3,,,,,
ESSFdc2/01,,,,,,2,,,,,,,,,,,,,3,,,,,,3,,,,,
ESSFdc2/02,,,,,,1,,,,,,,,,,,,,3,,,,,,1,,,,,
ESSFdc2/03,,,,,,1,,,,,,,,,,,,1,3,,,,,,1,,,,,
ESSFdc2/04,,,,,,1,,,,,,,,,,,,,3,,,,,,1,,,,,
ESSFdc2/05,,,,,,2,,,,,,,,,,,,,3,,,,,,3,,,,,
ESSFdc2/06,,,,,,2,,,,,,,,,,,,,3,,,,,,3,,,,,
ESSFdc2/07,,,,,,2,,,,,,,,,,,,,3,,,,,,3,,,,,
ESSFdc2/08,,,,,,2,,,,,,,,,,,,,3,,,,,,3,,,,,
ESSFdcw/101,,,,,,2,,,,,,,,,,,,,,,,,,,3,,,,,
ESSFdcw/102,,,,,,2,,,,,,,,,,,,1,1,,,,,,3,,,,,
ESSFdcw/103,,,,,,2,,,,,,,,,,,,1,,,,,,,3,,,,,
ESSFdcw/110,,,,,,3,,,,,,,,,,,,,,,,,,,3,,,,,
ESSFdk/01,,,,,,2,,,,,2,,,,,2,,,3,,,,,,3,,,,,
ESSFdk/02,,,,,,1,,,,,3,,,,,3,,1,3,,,,,,2,,,,,
ESSFdk/03,,,,,,2,,,,,2,,,,,2,,,3,,,,,,2,,,,,
ESSFdk/04,,,,,,2,,,,,2,,,,,2,,1,3,,,,,,3,,,,,
ESSFdk/05,,,,,,3,,,,,,,,,,,,,3,,,,,,3,,,,,
ESSFdk/06,,,,,,3,,,,,,,,,,,,,3,,,,,,3,,,,,
ESSFdv/01,,,,,,2,,,,,,,,,,,,1,3,,,,,,3,,,,,
ESSFdv/02,,,1,,,1,,,,,,,,,,,,1,3,,,,,,1,,,,,
ESSFdv/03,,,,,,1,,,,,,,,,,,,1,3,,,,,,1,,,,,
ESSFdv/04,,,,,,2,,,,,,,,,,,,1,3,,,,,,3,,,,,
ESSFdv/05,,,,,,2,,,,,,,,,,,,1,3,,,,,,3,,,,,
ESSFdv/06,,,,,,2,,,,,,,,,,,,1,3,,,,,,3,,,,,
ESSFmc/01,,,,,,3,,,,,,,,,,,,,2,,,,,,3,,,,,
ESSFmc/02,,,,,,2,,,,,,,,,,,,,3,,,,,,2,,,,,
ESSFmc/03,,,,,,2,,,,,,,,,,,,,3,,,,,,2,,,,,
ESSFmc/04,,,,,,3,,,,,,,,,,,,,3,,,,,,2,,,,,
ESSFmc/05,,,,,,3,,,,,,,,,,,,,2,,,,,,3,,,,,
ESSFmc/06,,,,,,3,,,,,,,,,,,,,2,,,,,,3,,,,,
ESSFmc/07,,,,,,3,,,,,,,,,,,,,1,,,,,,3,,,,,
ESSFmc/08,,,,,,3,,,,,,,,,,,,,,,,,,,3,,,,,
ESSFmc/09,,,,,,3,,,,,,,,,,,,,,,,,,,3,,,,,
ESSFmc/10,,,,,,3,,,,,,,,,,,,,,,,,,,3,,,,,
ESSFmh/101,,1,1,,,3,,2,,,1,,1,,,2,,,2,1,,,,,3,,,,,
ESSFmh/102,,,,,,1,,,,,3,,,,,3,,1,2,,,,,,1,,,,,
ESSFmh/103,,,,,,2,,1,,,3,,,,,3,,,3,1,,,,,2,,,,,
ESSFmh/104,,,,,,2,,,,,,,,,,,,,3,,,,,,3,,,,,
ESSFmh/105,,,,,,2,,1,,,3,,,,,3,,,3,1,,,,,3,,,,,
ESSFmh/110,,1,,,,3,,2,,,,,2,,,,,,,,,,,,3,,,,,
ESSFmh/111,,1,,,,3,,2,,,,,2,,,,,,,,,,,,3,,,,,
ESSFmh/112,,1,,,,3,,,,,,,,,,,,,,,,,,,3,,,,,
ESSFmk/01,,,,1,,3,,,,,,2,,,,,,,2,,,,,,3,,,,,
ESSFmk/02,,,,,,2,,,,,,2,,,,,,3,3,,,,,,2,,,,,
ESSFmk/03,,,,1,,2,,,,,,2,,,,,,3,3,,,,,,2,,,,,
ESSFmk/04,,,,1,,3,,,,,,2,,,,,,,2,,,,,,3,,,,,
ESSFmk/05,,,,1,,3,,,,,,2,,,,,,,1,,,,,,3,,,,,
ESSFmk/06,,,,1,,3,,,,,,1,,,,,,,,,,,,,3,,,,,
ESSFmk/07,,,,1,,3,,,,,,,,,,,,,,,,,,,3,,,,,
ESSFmm1/01,,,,,,3,,,,,,,,,,,,,2,,,,,,3,,,,,
ESSFmm1/02,,,,,,3,,,,,,,,,,,,,3,,,,,,3,,,,,
ESSFmm1/03,,,,,,2,,,,,,,,,,,,,3,,,,,,2,,,,,
ESSFmm1/04,,,,,,3,,,,,,,,,,,,,2,,,,,,3,,,,,
ESSFmm1/05,,,,,,3,,,,,,,,,,,,,2,,,,,,3,,,,,
ESSFmm1/06,,,,,,3,,,,,,,,,,,,,2,,,,,,3,,,,,
ESSFmm1/07,,,,,,3,,,,,,,,,,,,,2,,,,,,3,,,,,
ESSFmv1/01,,,0,,,3,,,,0,1,,,,,1,,,3,,,,,,3,,,,,
ESSFmv1/02,,,,,,1,,,,,,,,,,,,,3,,,,,,,,,,,
ESSFmv1/03,,,,,,3,,,,,,,,,,,,,3,,,,,,3,,,,,
ESSFmv1/04,,,,,,3,,,,,,,,,,,,,2,,,,,,3,,,,,
ESSFmv1/05,,,,,,3,,,,,,,,,,,,,2,,,,,,3,,,,,
ESSFmv2/01,,,,,,3,,,,,,,,,,,,,2,,,,,,3,,,,,
ESSFmv2/02,,,,,,3,,,,,,,,,,,,,3,,,,,,3,,,,,
ESSFmv2/03,,,,,,3,,,,,,,,,,,,,3,,,,,1,3,,,,,
ESSFmv2/04,,,,,,3,,,,,,,,,,,,,2,,,,,,3,,,,,
ESSFmv2/05,,,,,,3,,,,,,,,,,,,,2,,,,,,3,,,,,
ESSFmv2/06,,,,,,3,,,,,,,,,,,,,2,,,,,,3,,,,,
ESSFmv3/01,,,,,,3,,,,,,,,,,,,,2,,,,,,3,,,,,
ESSFmv3/02,,,,,,2,,,,,,,,,,,,,3,,,,,,2,,,,,
ESSFmv3/03,,,,,,3,,,,,,,,,,,,,2,,,,,1,3,,,,,
ESSFmv3/04,,,,,,3,,,,,,,,,,,,,1,,,,,,3,,,,,
ESSFmv3/05,,,,,,3,,,,,,,,,,,,,1,,,,,,3,,,,,
ESSFmv3/06,,,,,,3,,,,,,,,,,,,,2,,,,,,3,,,3,,
ESSFmv3/07,,,,,,3,,,,,,,,,,,,,2,,,,,,3,,,,,
ESSFmv3/08,,,,,,2,,,,,,,,,,,,,3,,,,,,2,,,,,
ESSFmv4/01,,,,,,3,,,,,,,,,,,,,2,,,,,,3,,,,,
ESSFmv4/02,,,,,,3,,,,,,,,,,,,,3,,,,,,3,,,,,
ESSFmv4/03,,,,,,3,,,,,,,,,,,,,3,,,,,1,3,,,,,
ESSFmv4/04,,,,,,3,,,,,,,,,,,,,3,,,,,,3,,,,,
ESSFmv4/05,,,,,,3,,,,,,,,,,,,,2,,,,,,3,,,,,
ESSFmw/01,,,,2,,2,,,,,,,,,,,,,1,,,,,,3,,,,,
ESSFmw/02,,,,,,1,,,,,2,,,,,,,1,3,,,,,,2,,,,,
ESSFmw/03,,,,,,1,,,,,2,,,,,,,1,3,,,,,,2,,,,,
ESSFmw/04,,,,2,,2,,,,,2,,,,,,,,3,,,,,,3,,,,,
ESSFmw/05,,,,2,,3,,,,,,1,,,,,,,1,,,,,,3,,,,,
ESSFmw/06,,,,2,,3,,,,,,,,,,,,,1,,,,,,3,,,,,
ESSFmw/07,,,,3,,3,,1,,,,,1,,,,,,2,,,,,,3,,,,,
ESSFmw/08,,,,1,,3,,1,,,,,,,,,,,2,,,,,,3,,,,,
ESSFvc/01,,,,,,3,,,,,,1,,,,,,,,,,,,,3,,,,,
ESSFvc/02,,,,,,2,,,,,,1,,,,,,,1,,,,,,3,,,,,
ESSFvc/03,,,,,,3,,,,,,1,,,,,,,,,,,,,3,,,,,
ESSFvc/04,,,,,,3,,,,,,1,,,,,,,,,,,,,3,,,,,
ESSFvc/05,,,,,,3,,,,,,1,,,,,,,,,,,,,3,,,,,
ESSFvv/01,,,,,,3,,,,,,1,,,,,,,,,,,,,3,,,,,
ESSFvv/02,,,,,,3,,,,,,1,,,,,,,1,,,,,,3,,,,,
ESSFvv/03,,,,,,3,,,,,,1,,,,,,,,,,,,,3,,,,,
ESSFvv/04,,,,,,3,,,,,,1,,,,,,,,,,,,,3,,,,,
ESSFwc1/01,,,,,,3,,1,,,,,1,,,,,,2,,,,,,3,,,,,
ESSFwc1/02,,,,,,2,,1,,,2,,,,,2,,1,3,,,,,,3,,,,,
ESSFwc1/03,,,,,,3,,1,,,,,1,,,,,,1,,,,,,3,,,,,
ESSFwc1/04,,,,,,3,,,,,,,1,,,,,,2,,,,,,3,,,,,
ESSFwc2/01,,,,,,3,,2,,,2,,1,,,1,,,1,1,,,,,3,,,,,
ESSFwc2/02,,,,,,2,,,,,,,,,,,,,3,,,,,,2,,,,,
ESSFwc2/03,,,,,,3,,,,,,,,,,,,,2,,,,,,3,,,,,
ESSFwc2/04,,,,,,3,,,,,,,,,,,,,2,,,,,,3,,,,,
ESSFwc2/05,,,,,,3,,,,,,,,,,,,,1,,,,,,3,,,,,
ESSFwc2/06,,,,,,3,,,,,,,,,,,,,1,,,,,,3,,,,,
ESSFwc2/07,,,,,,3,,,,,,,,,,,,,1,,,,,,3,,,,,
ESSFwc2/08,,,,,,3,,,,,,,,,,,,,1,,,,,,3,,,,,
ESSFwc2/09,,,,,,2,,,,,,,,,,,,,3,,,,,,2,,,,,
ESSFwc3/01,0,,0,,,3,,2,,,2,,1,,,1,,,2,2,,,,,3,,,,,
ESSFwc3/02,,,,,,3,,,,,,,,,,,,,2,,,,,,3,,,,,
ESSFwc3/03,,,,,,3,,,,,,,,,,,,,,,,,,,3,,,,,
ESSFwc4/101,,,,,,3,,,,,,,,,,,,,,,,,,,3,,,,,
ESSFwc4/102,,,,,,1,,,,,,,,,,,,1,2,,,,,,3,,,,,
ESSFwc4/103,,,,,,2,,,,,,,,,,,,1,2,,,,,,3,,,,,
ESSFwc4/110,,,,,,3,,,,,,,,,,,,,,,,,,,3,,,,,
ESSFwc4/111,,,,,,3,,,,,,,,,,,,,,,,,,,3,,,,,
ESSFwc4/112,,,,,,3,,,,,,,,,,,,,,,,,,,3,,,,,
ESSFwcw/101,,,,,,3,,,,,,,,,,,,,,,,,,,3,,,,,
ESSFwcw/102,,,,,,2,,,,,,,,,,,,1,1,,,,,,3,,,,,
ESSFwcw/103,,,,,,2,,,,,,,,,,,,1,,,,,,,3,,,,,
ESSFwcw/104,,,,,,2,,,,,,,,1,,,,,,,,,,,3,,,,,
ESSFwcw/110,,,,,,3,,,,,,,,,,,,,,,,,,,3,,,,,
ESSFwh1/101,,1,1,,,3,,1,,,1,,2,,,1,,,1,,,,,,3,,,,,
ESSFwh1/102,,,,,,2,,,,,2,,,,,,,1,3,,,,,,3,,,,,
ESSFwh1/103,,,,,,2,,,,,2,,,,,2,,1,2,1,,,,,3,,,,,
ESSFwh1/104,,,,,,2,,1,,,2,,1,,,2,,,1,1,,,,,3,,,,,
ESSFwh1/110,,1,,,,3,,2,,,,,2,,,,,,,,,,,,3,,,,,
ESSFwh1/111,,,,,,3,,,,,,,1,,,,,,,,,,,,3,,,,,
ESSFwh2/101,,1,0,,,3,,1,,,2,,1,,,2,,,2,1,,,,,3,,,,,
ESSFwh2/102,,,,,,1,,,,,2,,1,,,,,1,2,,,,,,3,,,,,
ESSFwh2/103,,,,,,2,,,,,3,,1,,,3,,1,2,1,,,,,3,,,,,
ESSFwh2/104,,,,,,2,,,,,2,,1,,,2,,,2,2,,,,,3,,,,,
ESSFwh2/110,,1,,,,3,,1,,,,,1,,,,,,,,,,,,3,,,,,
ESSFwh2/111,,1,,,,3,,1,,,,,1,,,,,,,,,,,,3,,,,,
ESSFwh2/112,,,,,,3,,,,,,,1,,,,,,,,,,,,3,,,,,
ESSFwh3/101,,1,0,,,,,1,,,2,,1,,,2,,,1,1,,,,,3,,,,,
ESSFwh3/102,,,,,,1,,,,,3,,,,,3,,1,3,,,,,,1,,,,,
ESSFwh3/103,,,,,,2,,,,,2,,1,,,2,,1,2,1,,,,,3,,,,,
ESSFwh3/104,,,,,,2,,1,,,2,,1,,,2,,,2,1,,,,,3,,,,,
ESSFwh3/110,,1,,,,3,,2,,,,,1,,,,,,1,,,,,,3,,,,,
ESSFwh3/111,,1,,,,3,,1,,,,,1,,,,,,,,,,,,3,,,,,
ESSFwh3/112,,,,,,2,,,,,,,1,,,,,,,,,,,,3,,,,,
ESSFwk1/01,,,,,,3,,,,,,,,,,,,,2,,,,,,3,,,,,
ESSFwk1/02,,,,,,3,,,,,,,,,,,,,3,,,,,,3,,,,,
ESSFwk1/03,,,,,,2,,,,,,,,,,,,,3,,,,,,3,,,,,
ESSFwk1/04,,,,,,3,,,,,,,,,,,,,2,,,,,,3,,,,,
ESSFwk1/05,,,,,,3,,,,,,,,,,,,,2,,,,,,3,,,,,
ESSFwk1/06,,,,,,3,,,,,,,,,,,,,,,,,,,3,,,,,
ESSFwk1/07,,,,,,3,,,,,,,,,,,,,,,,,,,3,,,,,
ESSFwk2/01,,,,,,3,,,,,,,,,,,,,,,,,,,3,,,,,
ESSFwk2/02,,,,,,3,,,,,,,,,,,,,,,,,,,3,,,,,
ESSFwk2/03,,,,,,3,,,,,,,,,,,,,1,,,,,,3,,,,,
ESSFwk2/04,,,,,,3,,,,,,,,,,,,,,,,,,,3,,,,,
ESSFwk2/05,,,,,,3,,,,,,,,,,,,,,,,,,,3,,,,,
ESSFwk2/06,,,,,,3,,,,,,,,,,,,,,,,,,,3,,,,,
ESSFwm/01,,,,,,3,,,,,2,,,,,2,,,2,,,,,,3,,,,,
ESSFwm/02,,,,,,1,,,,,,,1,,,,,1,2,1,,,,,3,,,,,
ESSFwm/03,,,,,,2,,,,,3,,1,,,3,,,2,2,,,,,3,,,,,
ESSFwm/04,,,,,,3,,,,,,,1,,,,,,2,,,,,,3,,,,,
ESSFwm2/101,,,,,,3,,,,,,,,,,,,,1,,,,,,3,,,,,
ESSFwm2/102,,,,,,2,,,,,1,,,1,,,,2,1,,,,,,3,,,,,
ESSFwm2/103,,,,,,,,,,,,,,,,,,1,2,,,,,,3,,,,,
ESSFwm2/104,,,,,,2,,,,,,,,,,,,1,2,,,,,,3,,,,,
ESSFwm2/110,,,,,,3,,,,,,,,,,,,,,,,,,,3,,,,,
ESSFwm2/111,,,,,,3,,,,,,,,,,,,,,,,,,,3,,,,,
ESSFwm2/112,,,,,,3,,,,,,,,,,,,,,,,,,,3,,,,,
ESSFwm3/101,,,,,,3,,,,,,,,,,,,,2,,,,,,3,,,,,
ESSFwm3/102,,,,,,1,,,,,,,,,,,,1,2,,,,,,3,,,,,
ESSFwm3/103,,,,,,2,,,,,,,,,,,,1,2,,,,,,3,,,,,
ESSFwm3/104,,,,,,3,,,,,,,,,,,,,1,,,,,,3,,,,,
ESSFwm3/105,,,,,,3,,,,,,,,,,,,,1,,,,,,3,,,,,
ESSFwm3/110,,,,,,3,,,,,,,,,,,,,,,,,,,3,,,,,
ESSFwm3/111,,,,,,3,,,,,,,,,,,,,,,,,,,3,,,,,
ESSFwm3/112,,,,,,3,,,,,,,,,,,,,,,,,,,3,,,,,
ESSFwm4/101,,,,,,2,,1,,,1,,2,,,1,,,2,,,,,,3,,,,,
ESSFwm4/102,,,,,,2,,,,,1,,,,,1,,1,3,,,,,,2,,,,,
ESSFwm4/103,,,,,,2,,,,,2,,1,,,2,,,3,,,,,,3,,,,,
ESSFwm4/110,,,,,,3,,1,,,,,1,,,,,,,,,,,,3,,,,,
ESSFwm4/111,,,,,,3,,,,,,,,,,,,,,,,,,,3,,,,,
ESSFwmw/102,,,,,,2,,,,,,,,1,,,,,1,,,,,,,,,,,
ESSFwmw/103,,,,,,2,,,,,,,,,,,,1,1,,,,,,,,,,,
ESSFwv/01,,,,,,3,,,,,,1,1,,,,,,2,,,,,,3,,,,,
ESSFwv/02,,,,,,2,,,,,,2,,,,,,,3,,,,,,2,,,,,
ESSFwv/03,,,,,,2,,,,,,2,1,,,,,,3,,,,,,2,,,,,
ESSFwv/04,,,,,,2,,,,,,2,,,,,,,3,,,,,,2,,,,,
ESSFwv/05,,,,,,3,,,,,,1,1,,,,,,2,,,,,,3,,,,,
ESSFwv/06,,,,,,3,,,,,,1,1,,,,,,1,,,,,,3,,,,,
ESSFwv/07,,,,,,3,,,,,,1,1,,,,,,,,,,,,3,,,,,
ESSFwv/08,,,,,,3,,,,,,,,,,,,,,,,,,,3,,,,,
ESSFwv/09,,,,,,3,,,,,,,,,,,,,,,,,,,3,,,,,
ESSFxc/01,,,,,,2,,,,,,,,,,,,,3,,,,,,3,,,,,
ESSFxc/02,,,,,,1,,,,,,,,,,,,,3,,,,,,1,,,,,
ESSFxc/05,,,,,,1,,,,,,,,,,,,,3,,,,,,1,,,,,
ESSFxc/06,,,,,,2,,,,,,,,,,,,,3,,,,,,3,,,,,
ESSFxc/07,,,,,,2,,,,,,,,,,,,,3,,,,,,3,,,,,
ESSFxc/08,,,,,,2,,,,,,,,,,,,,3,,,,,,2,,,,,
ESSFxv1/01,,,,,,3,,,,,,,,,,,,2,3,,,,,,3,,,,,
ESSFxv1/02,,,,,,1,,,,,,,,,,,,3,3,,,,,,,,,,,
ESSFxv1/03,,,,,,,,,,,,,,,,,,2,3,,,,,,,,,,,
ESSFxv1/04,,,,,,1,,,,,,,,,,,,3,3,,,,,,1,,,,,
ESSFxv1/05,,,,,,2,,,,,,,,,,,,3,3,,,,,,2,,,,,
ESSFxv1/06,,,,,,2,,,,,,,,,,,,1,3,,,,,,2,,,,,
ESSFxv1/07,,,,,,3,,,,,,,,,,,,1,3,,,,,,3,,,,,
ESSFxv1/08,,,,,,3,,,,,,,,,,,,,3,,,,,,3,,,,,
ESSFxv1/09,,,,,,3,,,,,,,,,,,,,2,,,,,,3,,,,,
ESSFxv2/01,,,,,,3,,,,,,,,,,,,1,3,,,,,,3,,,,,
ESSFxv2/02,,,,,,1,,,,,,,,,,,,2,3,,,,,,,,,,,
ESSFxv2/03,,,,,,,,,,,,,,,,,,2,3,,,,,,,,,,,
ESSFxv2/04,,,,,,2,,,,,,,,,,,,,3,,,,,,,,,,,
ESSFxv2/05,,,,,,2,,,,,,,,,,,,2,3,,,,,,2,,,,,
ESSFxv2/06,,,,,,2,,,,,,,,,,,,1,3,,,,,,2,,,,,
ESSFxv2/07,,,,,,3,,,,,,,,,,,,,3,,,,,,3,,,,,
ESSFxv2/08,,,,,,3,,,,,,,,,,,,,2,,,,,,3,,,,,
ESSFxv2/09,,,,,,3,,,,,,,,,,,,,2,,,,,,3,,,,,
ESSFxv2/10,,,,,,3,,,,,,,,,,,,,2,,,,,,3,,,,,
ICHdk/01,,,1,,,2,,1,,1,3,,,,,,,,3,,,,,,,,,3,,
ICHdk/02,,,1,,,1,,1,,,3,,,,,,,,3,,,,,,,,,1,,
ICHdk/03,,,1,,,,,1,,,3,,,,,,,,3,,,,,,,,,1,,
ICHdk/04,,,1,,,2,,1,,1,3,,,,,,,,3,,,,,,,,,3,,
ICHdk/05,,1,1,,,2,,2,,1,3,,,,,,,,3,,,,,,,,,3,,
ICHdk/06,,1,1,,,2,,2,,1,3,,,,,,,,3,,,,,,,,,3,,
ICHdk/07,,1,1,,,2,,,,,3,,,,,,,,3,,,,,,,,,3,,
ICHdk/08,,1,1,,,2,,2,,1,3,,,,,,,,2,,,,,,,,,3,,
ICHdk/09,,1,,,,2,,,,,,,,,,,,,2,,,,,,,,,3,,
ICHdm/101,,1,1,,1,2,,3,,1,3,,2,,,3,,,2,2,,,,,,,,2,,
ICHdm/102,,,1,,,,,,,,3,,,,,2,,,1,,1,,,,,,,,,
ICHdm/103,,,1,,1,1,,,,1,3,,,,,3,,,2,1,,,,,,,,1,,
ICHdm/110,,1,1,,1,2,,3,,1,2,,,,,2,,,,1,,,,,,,,3,,
ICHdm/111,,1,1,,,2,,3,,1,,,2,,,,,,,,,,,,,,,3,,
ICHdm/112,,1,,,,2,,1,,,,,1,,,,,,,,,,,,,,,3,,
ICHdw1/101,,,1,,2,1,,2,,1,3,,2,,,3,,,2,2,1,,,,,,,1,,
ICHdw1/102,,,,,,,,1,,1,3,,,,,2,,,1,,3,,,,,,,,,
ICHdw1/103,,,,,,,,,,1,3,,,,,2,,,1,1,3,,,,,,,,,
ICHdw1/104,,,1,,1,,,1,,1,3,,1,,,3,,,2,2,2,,,,,,,1,,
ICHdw1/110,,1,1,,2,1,,3,,1,3,,2,,,3,,,1,3,,,,,,,,2,,
ICHdw1/111,,1,1,,2,1,,3,,1,2,,2,,,2,,,1,2,,,,,,,,3,,
ICHdw1/112,,1,1,,,1,,3,,1,,,2,,,,,,,1,,,,,,,,3,,
ICHdw1/113,,1,1,,,1,,3,,1,,,2,,,,,,,,,,,,,,,3,,
ICHdw4/101,,,1,,,1,,2,,1,3,,2,,,3,,,2,2,1,,,,,,,1,,
ICHdw4/102,,,,,,,,1,,1,3,,,,,1,,,1,,2,,,,,,,,,
ICHdw4/103,,,,,,,,,,1,3,,,,,2,,,1,1,1,,,,,,,,,
ICHdw4/104,,,1,,,,,1,,1,3,,1,,,3,,,2,2,1,,,,,,,1,,
ICHdw4/110,,1,1,,,1,,3,,1,2,,2,,,2,,,1,2,,,,,,,,3,,
ICHdw4/111,,1,1,,,1,,3,,,,,2,,,,,,,1,,,,,,,,3,,
ICHdw4/112,,1,1,,,1,,3,,1,,,2,,,,,,,1,,,,,,,,3,,
ICHmc1/01,,,1,1,,2,,,,1,,,3,,,,,,2,,,,,,,,,3,,
ICHmc1/02,,,1,,,1,,,,,,,1,,,,,,3,,,,,,,,,,,
ICHmc1/03,,1,1,1,,2,,,,1,,,3,,,,,,1,,,,,,,,,3,,
ICHmc1/04,,1,1,1,,2,,,,1,,,2,,,,,,1,,,,,,,,,3,,
ICHmc1/05,,1,1,1,,2,,,,1,,,,,,,,,1,,,,,,,,,3,,
ICHmc1/06,,1,,1,,2,,,,,,,1,,,,,,,,,,,,,,,3,,
ICHmc1a/01,,,1,2,,1,,1,,1,,,3,,,,,,3,,,,,,,,,3,,
ICHmc1a/02,,1,1,3,,1,,1,,1,,,2,,,,,,2,,,,,,,,,3,,
ICHmc1a/03,,,,3,,1,,1,,,,,2,,,,,,2,,,,,,,,,3,,
ICHmc2/00,,,1,1,,2,,2,,1,2,,3,,,2,,,3,,,,,,,,,3,,
ICHmc2/01,,,1,1,,2,,2,,1,,,3,,,,,,3,,,,,,,,,3,,
ICHmc2/01b,,,1,1,,2,,2,,1,2,,3,,,,,,3,,,,,,,,,3,,
ICHmc2/02,,,1,1,,1,,,,,,,1,,,,,,3,,,,,,,,,,,
ICHmc2/03,,1,1,1,,2,,3,,1,2,,3,,,2,,,2,,,,,,,,,3,,
ICHmc2/04,,1,1,1,,2,,3,,1,2,,2,,,2,,,2,,,,,,,,,3,,
ICHmc2/05,,1,1,1,,2,,3,,1,,,2,,,,,,2,,,,,,,,,3,,
ICHmc2/06,,1,1,1,,2,,3,,1,,,1,,,,,,2,,,,,,,,,3,,
ICHmc2/07,,1,1,2,,2,,2,,1,,,1,,,,,,1,,,,,,,,,3,,
ICHmc2/08,,,,,,,,,,,,,,,,,,,2,,,,,3,,,,3,,
ICHmc2/51,,,1,1,,2,,,,1,,,2,,,,,,3,,,,,,,,,2,,
ICHmc2/52,,1,1,1,,2,,2,,1,,,2,,,,,,2,,,,,,,,,3,,
ICHmc2/53,,1,1,1,,2,,2,,1,,,2,,,,,,2,,,,,,,,,3,,
ICHmc2/54,,1,1,1,,2,,3,,1,,,2,,,,,,2,,,,,,,,,3,,
ICHmk1/01,,1,3,,,2,,1,,1,3,,,,,3,,,3,,1,,,,,,,3,,
ICHmk1/01-YS ,,1,1,,,3,,1,,1,3,,,,,3,,,3,,,,,,,,,3,,
ICHmk1/02,,,,,,1,,,,,3,,,,,,,,3,,1,,,,,,,1,,
ICHmk1/03,,,1,,,1,,1,,1,3,,,,,3,,,3,,1,,,,,,,2,,
ICHmk1/04,,,1,,,2,,1,,1,3,,,,,3,,,3,,1,,,,,,,2,,
ICHmk1/05,,1,1,,,2,,1,,1,2,,,,,2,,,3,,,,,,,,,3,,
ICHmk1/06,,1,1,,,2,,1,,1,2,,,,,2,,,3,,,,,,,,,3,,
ICHmk1/07,,1,1,,,2,,1,,1,2,,,,,3,,,3,,,,,,,,,3,,
ICHmk2/01,,1,1,,,2,,1,,1,3,,,,,1,,,3,,,,,,,,,3,,
ICHmk2/02,,,1,,,1,,,,1,3,,,,,,,,3,,,,,,,,,1,,
ICHmk2/03,,,1,,,1,,1,,1,3,,,,,,,,3,,,,,,,,,2,,
ICHmk2/04,,,1,,,2,,1,,1,3,,,,,1,,,3,,,,,,,,,2,,
ICHmk2/05,,1,1,,,2,,1,,1,3,,,,,,,,3,,,,,,,,,3,,
ICHmk2/06,,1,1,,,2,,1,,1,2,,,,,,,,3,,,,,,,,,3,,
ICHmk3/01,,1,1,,,2,,2,,1,3,,,,,,,,3,,,,,,,,,3,,
ICHmk3/02,,,1,,,1,,,,,3,,,,,,,,3,,,,,,,,,1,,
ICHmk3/03,,,1,,,1,,1,,,3,,,,,,,,3,,,,,,,,,1,,
ICHmk3/04,,1,1,,,2,,2,,1,3,,,,,,,,2,,,,,,,,,3,,
ICHmk3/05,,1,1,,,2,,2,,,,,,,,,,,3,,,,,,,,,3,,
ICHmk3/06,,1,1,,,2,,2,,1,3,,,,,,,,2,,,,,,,,,3,,
ICHmk3/07,,1,,,,2,,2,,,,,,,,,,,2,,,,,,,,,3,,
ICHmm/01,,,1,,,2,,2,,1,3,,2,,,,,,3,,,,,,,,,3,,
ICHmm/02,,,1,,,1,,1,,1,3,,2,,,,,,3,,,,,,,,,1,,
ICHmm/03,,,1,,,2,,1,,1,3,,3,,,,,,3,,,,,,,,,2,,
ICHmm/04,,1,1,,,2,,3,,1,2,,3,,,,,,2,1,,,,,,,,3,,
ICHmm/05,,1,1,,,2,,3,,1,2,,3,,,,,,2,,,,,,,,,3,,
ICHmm/06,,1,,,,2,,3,,,,,3,,,,,,3,,,,,,,,,3,,
ICHmm/07,,,,,,,,,,,,,,,,,,,3,,,,,3,,,,3,,
ICHmm/08,,,,,,2,,3,,,,,3,,,,,,2,,,,,,,,,3,,
ICHmw1/01,,,1,,,1,,2,,1,3,,1,,,2,,,3,2,,,,,,,,2,,
ICHmw1/02,,,1,,,1,,1,,1,3,,1,,,1,,,2,2,,,,,,,,1,,
ICHmw1/03,,,1,,,2,,1,,1,3,,1,,,2,,,3,2,,,,,,,,2,,
ICHmw1/04,,,1,,,1,,1,,1,3,,1,,,2,,1,3,2,,,,,,,,1,,
ICHmw1/05,,1,1,,,2,,3,,1,3,,3,,,,,,2,2,,,,,,,,3,,
ICHmw1/06,,1,1,,,3,,3,,1,3,,3,,,1,,,2,2,,,,,,,,3,,
ICHmw1/07,,1,1,,,2,,3,,1,2,,3,,,,,,2,,,,,,,,,3,,
ICHmw2/101,,1,1,,,1,,2,,1,3,,2,,,3,,,,2,,,,,,,,2,,
ICHmw2/102,,,1,,,,,,,,3,,,,,2,,,3,,1,,,,,,,,,
ICHmw2/103,,,1,,,,,1,,1,3,,,,,3,,,1,1,1,,,,,,,,,
ICHmw2/104,,,1,,,1,,2,,1,3,,2,,,3,,,1,2,1,,,,,,,1,,
ICHmw2/110,,1,1,,,1,,3,,1,2,,2,,,2,,,,2,,,,,,,,2,,
ICHmw2/111,,1,1,,,1,,3,,1,1,,2,,,1,,,,2,,,,,,,,3,,
ICHmw2/112,,1,,,,2,,2,,,,,1,,,,,,,,,,,,,,,3,,
ICHmw2/113,,1,,,,2,,3,,,,,2,,,,,,,,,,,,,,,3,,
ICHmw2/114,,1,,,,2,,3,,,,,2,,,,,,,,,,,,,,,3,,
ICHmw3/01,,1,1,,,1,,2,,1,3,,2,,,2,,,2,1,,,,,,,,2,,
ICHmw3/01-YC,,1,1,,,1,,2,,1,3,,2,,,2,,,2,1,,,,,,,,2,,
ICHmw3/02,,,,,,,,1,,1,3,,,,,,,,3,1,2,,,,,,,,,
ICHmw3/03,,,3,,,1,,1,,3,3,,1,,,2,,,3,1,,,,,,,,1,,
ICHmw3/04,,,1,,,1,,1,,1,3,,1,,,2,,,3,1,,,,,,,,2,,
ICHmw3/05,,1,1,,,2,,2,,1,3,,2,,,2,,,2,1,,,,,,,,2,,
ICHmw3/06,,1,1,,,2,,3,,1,3,,3,,,1,,,2,1,,,,,,,,3,,
ICHmw3/07,,1,1,,,2,,3,,1,2,,2,,,1,,,2,1,,,,,,,,3,,
ICHmw3/08,,1,1,,,2,,3,,1,,,3,,,,,,3,1,,,,,,,,3,,
ICHmw4/101,,1,1,,1,1,,3,,1,3,,2,,,3,,,2,2,,,,,,,,2,,
ICHmw4/102,,,,,,,,,,,3,,,,,2,,,2,,1,,,,,,,,,
ICHmw4/103,,,1,,,1,,1,,1,3,,,,,3,,,1,1,1,,,,,,,,,
ICHmw4/104,,,1,,1,1,,2,,1,3,,1,,,3,,,1,2,1,,,,,,,1,,
ICHmw4/110,,1,1,,1,1,,3,,1,2,,2,,,2,,,,1,,,,,,,,3,,
ICHmw4/111,,,,,,2,,1,,,,,1,,,,,,,,,,,,,,,3,,
ICHmw4/112,,1,1,,,1,,3,,1,1,,2,,,1,,,,1,,,,,,,,3,,
ICHmw4/113,,1,1,,,2,,1,,1,,,1,,,,,,,,,,,,,,,3,,
ICHmw4/114,,1,1,,,2,,2,,1,,,2,,,,,,,,,,,,,,,3,,
ICHmw5/101,,1,1,,1,1,,2,,1,3,,1,,,3,,,2,2,,,,,,,,2,,
ICHmw5/102,,,1,,,,,,,1,3,,,,,2,,,2,,1,,,,,,,,,
ICHmw5/103,,,1,,,,,,,1,3,,,,,3,,,2,1,1,,,,,,,,,
ICHmw5/104,,,1,,1,1,,1,,1,3,,1,,,3,,,2,2,,,,,,,,1,,
ICHmw5/110,,1,1,,,1,,3,,1,2,,2,,,2,,,1,1,,,,,,,,3,,
ICHmw5/111,,1,1,,,2,,3,,1,2,,2,,,2,,,,1,,,,,,,,3,,
ICHmw5/112,,1,1,,,2,,,,1,,,1,,,,,,,,,,,,,,,3,,
ICHmw5/113,,1,1,,,2,,3,,1,,,2,,,,,,,,,,,,,,,3,,
ICHvc/01,,1,1,,,3,,,,1,,1,2,,,,,,,,,,,,,,,2,,
ICHvc/02,,,1,,,3,,,,1,,1,3,,,,,,2,,,,,,,,,2,,
ICHvc/03,,1,1,,,3,,,,1,,,1,,,,,,,,,,,,,,,2,,
ICHvc/04,,1,1,,,3,,,,1,,,,,,,,,,,,,,,,,,2,,
ICHvc/05,,1,1,,,3,,,,,,,,,,,,,,,,,,,,,,2,,
ICHvc/06,,1,1,,,3,,,,1,,,,,,,,,,,,,,,,,,2,,
ICHvc/51,,,,,,2,,,,,,,,,,,,,,,,,,,,,,2,,
ICHvc/52,,,,,,1,,,,,,,,,,,,,,,,,,,,,,1,,
ICHvk1/01,,1,3,,,2,,3,,3,2,,2,,,,,,,1,,,,,,,,3,,
ICHvk1/02,,1,3,,,2,,2,,3,3,,2,,,1,,,1,1,,,,,,,,2,,
ICHvk1/03,,1,3,,,2,,3,,3,3,,3,,,1,,,1,1,,,,,,,,3,,
ICHvk1/04,,1,3,,,2,,3,,3,3,,3,,,1,,,,1,,,,,,,,3,,
ICHvk1/05,,1,1,,,2,,3,,1,,,2,,,,,,,1,,,,,,,,3,,
ICHvk1/06,,1,1,,,2,,3,,1,,,3,,,,,,1,1,,,,,,,,3,,
ICHvk2/01,,1,1,,,2,,3,,1,3,,3,,,1,,,2,2,,,,,,,,3,,
ICHvk2/02,,,,,,,,1,,,3,,3,,,,,,2,,,,,,,,,1,,
ICHvk2/03,,,1,,,1,,1,,1,3,,1,,,,,,2,,,,,,,,,1,,
ICHvk2/04,,1,1,,,2,,2,,1,2,,1,,,,,,2,,,,,,,,,3,,
ICHvk2/05,,1,,,,3,,1,,1,,,1,,,,,,2,,,,,,,,,3,,
ICHvk2/06,,1,,,,3,,2,,,,,1,,,,,,2,,,,,,,,,3,,
ICHvk2/07,,,,,,,,,,,,,,,,,,,3,,,,,1,,,,1,,
ICHwc/01,,1,1,,,3,,,,1,,,3,,,,,,2,,,,,,,,,3,,
ICHwc/02,,,1,,,1,,,,,,,1,,,,,,3,,,,,,,,,,,
ICHwc/03,,,1,,,3,,,,1,,,3,,,,,,3,,,,,,,,,3,,
ICHwc/04,,1,1,,,3,,,,1,,,2,,,,,,1,,,,,,,,,3,,
ICHwc/05,,1,1,,,3,,,,1,,,2,,,,,,1,,,,,,,,,3,,
ICHwc/06,,1,1,,,3,,,,1,,,1,,,,,,1,,,,,,,,,3,,
ICHwc/07,,,,,,2,,,,,,,1,,,,,,1,,,,,,,,,3,,
ICHwc/08,,1,1,,,3,,,,1,,,1,,,,,,,,,,,,,,,3,,
ICHwc/51,,,,,,2,,,,,,,,,,,,,,,,,,,,,,2,,
ICHwc/52,,,,,,1,,,,,,,,,,,,,,,,,,,,,,1,,
ICHwk1/01,,1,1,,,2,,3,,1,3,,3,,,1,,,1,1,,,,,,,,3,,
ICHwk1/02,,,,,,1,,1,,,3,,1,,,,,,3,1,,,,,,,,1,,
ICHwk1/03,,,,,,1,,2,,,3,,2,,,1,,,3,1,,,,,,,,1,,
ICHwk1/04,,1,1,,,1,,2,,1,3,,2,,,1,,,1,1,,,,,,,,2,,
ICHwk1/05,,1,1,,,2,,3,,1,2,,2,,,2,,,1,1,,,,,,,,3,,
ICHwk1/06,,1,1,,,3,,3,,1,,,2,,,,,,1,1,,,,,,,,3,,
ICHwk1/07,,1,1,,,2,,3,,1,,,3,,,,,,1,1,,,,,,,,3,,
ICHwk1/08,,1,1,,,2,,3,,1,,,3,,,,,,1,,,,,,,,,3,,
ICHwk2/01,,1,1,,,2,,2,,1,3,,2,,,,,,3,,,,,,,,,3,,
ICHwk2/02,,,1,,,1,,1,,,3,,1,,,,,,3,,,,,,,,,,,
ICHwk2/03,,,1,,,1,,1,,,3,,1,,,,,,3,,,,,,,,,,,
ICHwk2/04,,,1,,,1,,1,,1,3,,2,,,,,,3,,,,,,,,,1,,
ICHwk2/05,,1,,,,2,,2,,,,,,,,,,,3,,,,,,,,,3,,
ICHwk2/06,,1,,,,2,,,,,,,,,,,,,2,,,,,,,,,3,,
ICHwk2/07,,1,1,,,2,,2,,1,3,,2,,,,,,2,,,,,,,,,3,,
ICHwk2/08,,1,,,,2,,2,,,,,1,,,,,,,,,,,,,,,3,,
ICHwk3/01,,1,1,,,2,,3,,1,2,,2,,,,,,2,,,,,,,,,3,,
ICHwk3/02,,,,,,,,,,,,,2,,,,,,3,,,,,,,,,1,,
ICHwk3/03,,,1,,,1,,1,,1,3,,2,,,,,,2,,,,,,,,,1,,
ICHwk3/04,,,1,,,1,,1,,1,3,,2,,,,,,3,,,,,,,,,1,,
ICHwk3/05,,1,1,,,2,,3,,1,3,,1,,,,,,2,,,,,,,,,3,,
ICHwk3/06,,1,1,,,2,,3,,1,,,1,,,,,,2,,,,,,,,,3,,
ICHwk3/07,,1,1,,,,,1,,1,,,2,,,,,,3,,,,,,,,,2,,
ICHwk3/08,,1,,,,2,,3,,,,,2,,,,,,,,,,,,,,,3,,
ICHwk3/09,,,,,,2,,,,,,,,,,,,,3,,,,,1,,,,,,
ICHwk4/01,,1,1,,,2,,3,,1,3,,3,,,1,,,3,2,,,,,,,,3,,
ICHwk4/02,,,1,,,1,,,,,3,,1,,,,,,3,,,,,,,,,,,
ICHwk4/03,,,1,,,,,,,,3,,1,,,,,,3,,,,,,,,,1,,
ICHwk4/04,,,1,,,2,,,,,3,,2,,,,,,3,,,,,,,,,3,,
ICHwk4/05,,,1,,,1,,1,,1,3,,2,,,,,,3,,,,,,,,,1,,
ICHwk4/06,,1,1,,,2,,,,1,,,1,,,,,,2,,,,,,,,,3,,
ICHwk4/07,,1,1,,,2,,2,,1,3,,2,,,,,,2,,,,,,,,,3,,
ICHwk4/08,,1,,,,2,,2,,,,,,,,,,,2,,,,,,,,,3,,
ICHxw/01,,,1,,2,,,1,,1,3,,1,,,3,,,3,2,3,,,,,,,,,
ICHxw/101,,,1,,2,,,2,,1,3,,1,,,3,,,1,2,1,,,,,,,,,
ICHxw/102,,,,,,,,,,1,3,,,,,,,,,,3,,,,,,,,,
ICHxw/103,,,1,,,,,,,1,3,,,,,1,,,,,3,,,,,,,,,
ICHxw/104,,,1,,1,,,1,,1,3,,,,,3,,,1,1,2,,,,,,,,,
ICHxw/110,,1,1,,2,,,3,,1,3,,2,,,3,,,,2,,,,,,,,1,,
ICHxw/111,,1,1,,2,,,3,,1,3,,2,,,3,,,,2,,,,,,,,1,,
ICHxw/112,,1,1,,,,,3,,,,,3,,,,,,,1,,,,,,,,3,,
ICHxw/113,,1,1,,,,,3,,1,,,3,,,,,,,1,,,,,,,,3,,
ICHxwa/101,,,1,,2,,,2,,1,3,,1,,,3,,,1,2,1,,,,,,,,,
ICHxwa/102,,,1,,,,,,,1,3,,,,,,,,,,3,,,,,,,,,
ICHxwa/103,,,1,,,,,,,1,3,,,,,1,,,,,3,,,,,,,,,
ICHxwa/104,,,1,,1,,,1,,1,3,,,,,3,,,1,1,2,,,,,,,,,
ICHxwa/110,,1,1,,2,,,3,,1,3,,2,,,3,,,,2,,,,,,,,1,,
ICHxwa/111,,1,1,,2,,,3,,1,3,,2,,,3,,,,2,,,,,,,,1,,
ICHxwa/112,,1,1,,,,,3,,,,,3,,,,,,,2,,,,,,,,3,,
ICHxwa/113,,1,1,,,,,3,,1,,,3,,,,,,,2,,,,,,,,3,,
IDFdk1/01,,,1,,,,,,,,3,,,,,1,,,3,,2,,,,,,,1,,
IDFdk1/02,,,1,,,,,,,,3,,,,,,,,,,3,,,,,,,,,
IDFdk1/03,,,1,,,,,,,,3,,,,,,,,3,,2,,,,,,,,,
IDFdk1/04,,,1,,,,,,,,3,,,,,,,,3,,2,,,,,,,1,,
IDFdk1/05,,1,1,,,2,,,,1,3,,,,,1,,,2,,,,,,,,,3,,
IDFdk1/06,,1,1,,,1,,,,1,2,,,,,,,,3,,,,,,,,,3,,
IDFdk1a/94,,,1,,,,,,,,2,,,,,,,,1,,,,,,,,,,,
IDFdk2/01,,,1,,,,,,,,3,,,,,1,,,3,,2,,,,,,,1,,
IDFdk2/02,,,1,,,,,,,,3,,,,,,,,,,3,,,,,,,,,
IDFdk2/03,,,1,,,,,,,,3,,,,,,,,3,,2,,,,,,,,,
IDFdk2/04,,,1,,,,,,,,3,,,,,1,,,3,,2,,,,,,,2,,
IDFdk2/05,,1,1,,,1,,1,,1,3,,,,,1,,,2,,,,,,,,,3,,
IDFdk2/06,,1,1,,,1,,,,1,2,,,,,,,,3,,,,,,,,,3,,
IDFdk2/07,,1,1,,,1,,1,,1,,,,,,,,,3,,,,,,,,,3,,
IDFdk3/01,,,1,,,,,,,,3,,,,,,,,3,,,,,,,,,1,,
IDFdk3/02,,,,,,,,,,,3,,,,,,,,3,,,,,,,,,,,
IDFdk3/03,,,,,,,,,,,3,,,,,,,,3,,,,,,,,,,,
IDFdk3/04,,,1,,,,,,,,3,,,,,,,,3,,,,,,,,,,,
IDFdk3/05,,,1,,,,,,,,3,,,,,,,,3,,,,,,,,,,,
IDFdk3/06,,,1,,,,,,,,3,,,,,,,,3,,,,,,,,,,,
IDFdk3/07,,,1,,,,,,,1,3,,,,,,,,3,,,,,,,,,3,,
IDFdk3/08,,1,1,,,,,,,1,3,,,,,,,,3,,,,,,,,,3,,
IDFdk3/09,,1,,,,,,,,,,,,,,,,,2,,,,,,,,,3,,
IDFdk4/01,,,1,,,,,,,,3,,,,,,,,3,,,,,,,,,1,,
IDFdk4/02,,,,,,,,,,,3,,,,,,,,3,,,,,,,,,,,
IDFdk4/03,,,,,,,,,,,3,,,,,,,,,,,,,,,,,,,
IDFdk4/04,,,1,,,,,,,,3,,,,,,,,3,,,,,,,,,,,
IDFdk4/05,,,1,,,,,,,,3,,,,,,,,3,,,,,,,,,,,
IDFdk4/06,,,1,,,,,,,,,,,,,,,,3,,,,,,,,,1,,
IDFdk4/07,,,1,,,,,,,,3,,,,,,,,3,,,,,,,,,,,
IDFdk4/08,,,1,,,,,,,,,,,,,,,,3,,,,,,,,,3,,
IDFdk4/09,,1,1,,,,,,,,3,,,,,,,,3,,,,,,,,,3,,
IDFdk4/10,,1,1,,,,,,,,,,,,,,,,2,,,,,,,,,3,,
IDFdm1/01,,,1,,,1,,,,1,3,,,,,3,,,3,,2,,,,,,,1,,
IDFdm1/03,,,1,,,,,,,,3,,,,,,,,1,,3,,,,,,,,,
IDFdm1/04,,,1,,,,,,,,3,,,,,3,,,3,,3,,,,,,,1,,
IDFdm1/05,,,1,,,1,,1,,3,3,,,,,3,,,3,,1,,,,,,,2,,
IDFdm1/06,,1,1,,,1,,1,,1,3,,,,,3,,,2,,,,,,,,,3,,
IDFdm1/07,,1,1,,,1,,,,1,2,,,,,2,,,3,,,,,,,,,3,,
IDFdm2/01,,,1,,,,,,,1,3,,,,,3,,,2,,3,,,,,,,,,
IDFdm2/03,,,1,,,,,,,,3,,,,,2,,,1,,3,,,,,,,,,
IDFdm2/04,,,1,,,,,,,1,3,,,,,3,,,3,,1,,,,,,,2,,
IDFdm2/05,,1,1,,,,,,,1,2,,,,,2,,,3,,,,,,,,,3,,
IDFdm2/07,,1,,,,,,,,1,2,,,,,2,,,2,,,,,,,,,3,,
IDFmw1/01,,,1,,,,,1,,1,3,,,,,3,,,2,,2,,,,,,,1,,
IDFmw1/01-YC,,1,1,,,,,1,,1,3,,,,,3,,,3,,2,,,,,,,1,,
IDFmw1/02,,,,,,,,,,,3,,,,,,,,1,,3,,,,,,,,,
IDFmw1/03,,,1,,,,,,,1,3,,,,,1,,,2,,3,,,,,,,,,
IDFmw1/04,,,1,,,,,1,,1,3,,,,,3,,,3,,2,,,,,,,1,,
IDFmw1/05,,1,1,,,1,,1,,1,3,,,,,3,,,2,,,,,,,,,3,,
IDFmw1/06,,1,1,,,1,,1,,1,2,,,,,2,,,1,,,,,,,,,3,,
IDFmw2/01,,,1,,,,,1,,1,3,,,,,1,,,3,,1,,,,,,,1,,
IDFmw2/01-YC,,1,1,,,1,,1,,1,3,,,,,1,,,3,,,,,,,,,1,,
IDFmw2/01-YS,,,1,,,,,,,1,3,,,,,1,,,2,,,,,,,,,1,,
IDFmw2/02,,,1,,,,,,,,3,,,,,,,,,,2,,,,,,,,,
IDFmw2/03,,,1,,,,,1,,1,3,,,,,1,,,3,,2,,,,,,,1,,
IDFmw2/04,,1,1,,,1,,1,,1,3,,,,,1,,,2,,,,,,,,,3,,
IDFmw2/05,,1,1,,,1,,1,,1,,,,,,,,,3,,,,,,,,,3,,
IDFww/01,,1,,,,,,1,,1,3,,1,,,1,1,,2,,2,,,,,,,,,
IDFww/02,,,,,,1,,1,,,1,,,,,1,1,,3,,,,,,,,,1,,
IDFww/03,,1,,,,,,,,1,3,,,,,1,1,,2,,2,,,,,,,1,,
IDFww/04,,1,,,,,,1,,1,3,,,,,1,3,,1,,2,,,,,,,,,
IDFww/05,,3,,,,,,3,,1,3,,1,,,,3,,,,,,,,,1,,1,,
IDFww/06,,1,,,2,,,3,,1,3,,1,,,,1,,,,,,,,,1,,3,,
IDFww/07,,3,,,,,,3,,1,,,,,,,3,,1,,,,,,,1,,2,,
IDFxh1/01,,,1,,,,,,,,3,,,,,2,,,,,3,,,,,,,,,
IDFxh1/02,,,,,,,,,,,2,,,,,,,,,,3,,,,,,,,,
IDFxh1/03,,,,,,,,,,,2,,,,,,,,,,3,,,,,,,,,
IDFxh1/04,,,,,,,,,,,2,,,,,,,,,,3,,,,,,,,,
IDFxh1/05,,,,,,,,,,,2,,,,,,,,,,3,,,,,,,,,
IDFxh1/06,,,1,,,,,,,,3,,,,,2,,,,,3,,,,,,,,,
IDFxh1/07,,,1,,,,,1,,,3,,,,,2,,,,,3,,,,,,,,,
IDFxh1/08,,1,1,,,,,1,,1,3,,,,,1,,,2,,3,,,,,,,3,,
IDFxh1a/98,,,1,,,,,,,,2,,,,,,,,,,2,,,,,,,,,
IDFxh2/01,,,1,,,,,,,,3,,,,,,,,,,3,,,,,,,,,
IDFxh2/02,,,,,,,,,,,2,,,,,,,,,,3,,,,,,,,,
IDFxh2/03,,,,,,,,,,,2,,,,,,,,,,3,,,,,,,,,
IDFxh2/04,,,,,,,,,,,2,,,,,,,,,,3,,,,,,,,,
IDFxh2/05,,,,,,,,,,,3,,,,,,,,,,3,,,,,,,,,
IDFxh2/06,,,1,,,,,,,,3,,,,,,,,,,3,,,,,,,,,
IDFxh2/07,,1,1,,,,,1,,1,3,,,,,,,,,,2,,,,,,,2,,
IDFxh2/08,,1,1,,,,,,,1,2,,,,,,,,2,,,,,,,,,3,,
IDFxh2a/95,,,1,,,,,,,,2,,,,,,,,,,2,,,,,,,,,
IDFxm/00,,,1,,,,,,,,3,,,,,,,,,,,,,,,,,,,
IDFxm/01b,,,1,,,,,,,,3,,,,,,,,3,,,,,,,,,,,
IDFxm/02,,,,,,,,,,,3,,,,,,,,,,,,,,,,,,,
IDFxm/03,,,,,,,,,,,3,,,,,,,,3,,,,,,,,,,,
IDFxm/04,,,1,,,,,,,,3,,,,,,,,,,,,,,,,,,,
IDFxm/05,,,1,,,,,,,,3,,,,,,,,,,,,,,,,,,,
IDFxm/06,,,1,,,,,,,,3,,,,,,,,,,,,,,,,,,,
IDFxm/07,,,1,,,,,,,1,3,,,,,,,,,,,,,,,,,,,
IDFxm/08,,1,1,,,,,,,,3,,,,,,,,1,,,,,,,,,3,,
IDFxm/09,,1,1,,,,,,,,,,,,,,,,3,,,,,,,,,3,,
IDFxw/01,,,1,,,,,,,,3,,,,,,,,,,3,,,,,,,,,
IDFxw/02,,,,,,,,,,,3,,,,,,,,,,3,,,,,,,,,
IDFxw/03,,,,,,,,,,,3,,,,,,,,,,3,,,,,,,,,
IDFxw/04,,,1,,,,,,,,3,,,,,,,,,,3,,,,,,,,,
IDFxw/05,,,1,,,,,,,,3,,,,,,,,,,,,,,,,,,,
IDFxw/06,,1,1,,,,,,,1,3,,,,,,,,,,,,,,,,,3,,
IDFxw/07,,1,1,,,,,,,1,3,,,,,,,,,,,,,,,,,3,,
MHmm1/01,,,,3,,,1,2,,,1,3,2,,,,,,,,,,,,1,2,,,,3
MHmm1/02,,,,2,,,,,,,,3,,,,,,,,,,,,,2,,,,,3
MHmm1/03,,,,3,,,1,,,,,3,1,,,,,,,,,,,,1,,,,,3
MHmm1/04,,,,3,,,,,,,,3,1,,,,,,,,,,,,,,,,,3
MHmm1/05,,,,3,,,,,,,,2,1,,,,,,,,,,,,,,,,,3
MHmm1/06,,,,1,,,,,,,,3,,,,,,,,,,,,,,,,,,3
MHmm1/07,,,,3,,,,,,,,2,,,,,,,,,,,,,,,,,,3
MHmm1/08,,,,1,,,,,,,,3,1,,,,,,,,,,,,,,,,,3
MHmm1/09,,,,1,,,,,,,,2,1,,,,,,,,,,,,,,,,,3
MHmm1/6,,,,1,,,,,,,,3,,,,,,,,,,,,,,,,,,3
MHmm1/7,,,,3,,,,,,,,2,,,,,,,,,,,,,,,,,,3
MHmm2/01,,,,3,,1,1,2,,,1,3,2,,,,,,,,,,,,2,,,,,2
MHmm2/02,,,,2,,3,,,,,,3,1,,,,,,,,,,,,2,,,,,2
MHmm2/03,,,,3,,1,1,,,,,3,1,,,,,,,,,,,,3,,,,,2
MHmm2/04,,,,3,,1,,,,,,3,1,,,,,,,,,,,,,,,,,2
MHmm2/05,,,,3,,1,1,,,,,2,1,,,,,,,,,,,,3,,,,,2
MHmm2/06,,,,1,,,,,,,,3,,,,,,,,,,,,,,,,,,2
MHmm2/07,,,,3,,,,,,,,2,1,,,,,,,,,,,,3,,,,,2
MHmm2/08,,,,1,,1,,,,,,3,1,,,,,,,,,,,,,,,,,2
MHmm2/09,,,,1,,,,,,,,3,1,,,,,,,,,,,,1,,,,,2
MHwh/01,,,,3,,,,2,,,,3,2,,,,,,,,,,,,,2,,,,3
MHwh/02,,,,1,,,,2,,,,3,,,,,,,,,,,,,,,,,,3
MHwh/03,,,,,,,,2,,,,3,1,,,,,,,,,,,,,2,,,,3
MHwh/04,,,,3,,,,2,,,,3,2,,,,,,,,,,,,,,,,,3
MHwh/05,,,,3,,,,2,,,,2,2,,,,,,1,,,,,,,2,,,,3
MHwh/06,,,,1,,,,2,,,,3,1,,,,,,,,,,,,,1,,,,3
MHwh/07,,,,3,,,,2,,,,2,1,,,,,,,,,,,,,2,,,,3
MHwh/08,,,,,,,,2,,,,3,,,,,,,,,,,,,,,,,,3
MHwh/09,,,,,,,,2,,,,1,,,,,,,,,,,,,,1,,,,3
MHwh/101,,,,,,,,1,,,,3,2,,,,,,,,,,,,,2,,,,3
MHwh/101c,,,,,,,,1,,,,3,2,,,,,,,,,,,,,,,,,3
MHwh/102,,,,,,,,1,,,,3,,,,,,,2,,,,,,,,,,,3
MHwh/110,,,,,,,,1,,,,3,1,,,,,,,,,,,,,2,,,,3
MHwh/111,,,,,,,,1,,,,3,1,,,,,,,,,,,,,2,,,,3
MHwh/Wb53,,,,,,,,1,,,,2,,,,,,,2,,,,,,,,,,,3
MHwh1/01,,,,3,,,,3,,,,3,2,,,,,,,,,,,,,2,,,,3
MHwh1/02,,,,1,,,,2,,,,3,,,,,,,,,,,,,,,,,,3
MHwh1/03,,,,,,,,2,,,,3,1,,,,,,,,,,,,,2,,,,3
MHwh1/04,,,,2,,,,2,,,,3,2,,,,,,,,,,,,,,,,,3
MHwh1/05,,,,3,,,,2,,,,2,2,,,,,,1,,,,,,,2,,,,3
MHwh1/06,,,,1,,,,,,,,3,1,,,,,,,,,,,,,1,,,,3
MHwh1/07,,,,3,,,,2,,,,2,1,,,,,,,,,,,,,2,,,,3
MHwh1/08,,,,1,,,,,,,,3,1,,,,,,,,,,,,,,,,,3
MHwh1/09,,,,1,,,,2,,,,1,1,,,,,,,,,,,,,1,,,,3
MSdc1/01,,,1,,,2,,,,,2,,,,,,,,3,,,,,,,,,3,,
MSdc1/02,,,,,,1,,,,,2,,,,,,,1,3,,,,,,,,,1,,
MSdc1/03,,,1,,,1,,,,,2,,,,,,,1,3,,,,,,,,,1,,
MSdc1/04,,1,1,,,2,,,,,2,,,,,,,,3,,,,,,,,,3,,
MSdc2/01,,,,,,2,,,,,2,,,,,,,1,3,,,,,,,,,3,,
MSdc2/02,,,,,,1,,,,,3,,,,,,,1,3,,,,,,,,,,,
MSdc2/03,,,,,,1,,,,,3,,,,,,,1,3,,,,,,,,,,,
MSdc2/04,,,,,,2,,,,,,,,,,,,1,3,,,,,,,,,2,,
MSdc2/05,,,,,,2,,,,,,,,,,,,,3,,,,,,,,,3,,
MSdc2/06,,,,,,3,,,,,,,,,,,,,3,,,,,,,,,3,,
MSdc2/07,,,,,,3,,,,,,,,,,,,,2,,,,,,,,,3,,
MSdc2/08,,,,,,2,,,,,,,,,,,,,2,,,,,,,,,3,,
MSdk/01,,1,1,,,2,,,,3,3,,,,,3,,,3,,,,,,,,,3,,
MSdk/03,,,1,,,1,,,,1,3,,,,,3,,,3,,1,,,,,,,1,,
MSdk/04,,,1,,,2,,,,1,3,,,,,3,,,3,,1,,,,,,,2,,
MSdk/05,,1,1,,,2,,,,1,3,,,,,3,,,3,,,,,,,,,3,,
MSdk/06,,1,1,,,2,,,,1,2,,,,,2,,,2,,,,,,,,,3,,
MSdm1/01,,,1,,,2,,,,,2,,,,,2,,,3,,,,,,,,,3,,
MSdm1/02,,,1,,,,,,,,3,,,,,2,,,3,,1,,,,,,,,,
MSdm1/03,,,1,,,1,,,,,2,,,,,2,,,3,,1,,,,,,,1,,
MSdm1/04,,,1,,,1,,,,,3,,,,,3,,,3,,,,,,,,,1,,
MSdm1/05,,,3,,,2,,,,,2,,,,,2,,,3,,,,,,,,,2,,
MSdm1/06,,1,1,,,2,,,,,2,,,,,2,,,3,,,,,,,,,3,,
MSdm1/07,,,,,,2,,,,,,,,,,,,,3,,,,,,,,,3,,
MSdm1/08,,1,1,,,2,,1,,,2,,,,,2,,,3,,,,,,,,,3,,
MSdm2/01,,,1,,,2,,,,,2,,,,,1,,,3,,,,,,,,,3,,
MSdm2/03,,,1,,,1,,,,,3,,,,,,,,3,,,,,,,,,1,,
MSdm2/04,,,1,,,1,,,,,2,,,,,1,,,3,,,,,,,,,2,,
MSdm2/05,,1,1,,,2,,1,,,2,,,,,1,,,3,,,,,,,,,3,,
MSdm2/06,,1,1,,,2,,,,,2,,,,,1,,,3,,,,,,,,,3,,
MSdm2/07,,1,1,,,2,,,,,,,,,,,,,3,,,,,,,,,3,,
MSdv/01,,,,,,2,,,,,,,,,,,,,3,,,,,,,,,3,,
MSdv/02,,,,,,,,,,,,,,,,,,,3,,,,,,,,,,,
MSdv/03,,,,,,1,,,,,,,,,,,,,3,,,,,,,,,1,,
MSdv/04,,,,,,1,,,,,,,,,,,,,3,,,,,,,,,1,,
MSdv/05,,,,,,1,,,,,,,,,,,,,3,,,,,,,,,1,,
MSdv/06,,,,,,2,,,,,,,,,,,,,3,,,,,,,,,3,,
MSdv/07,,,,,,2,,,,,,,,,,,,,3,,,,,,,,,3,,
MSdv/08,,,,,,2,,,,,,,,,,,,,2,,,,,,,,,3,,
MSdv/09,,,,,,2,,,,,,,,,,,,,2,,,,,,,,,3,,
MSxk/01,,,1,,,1,,,,,2,,,,,1,,,3,,,,,,,,,2,,
MSxk/02,,,,,,,,,,,2,,,,,,,,3,,,,,,,,,,,
MSxk/05,,,,,,1,,,,,2,,,,,,,,3,,,,,,,,,1,,
MSxk/06,,,1,,,2,,,,,2,,,,,1,,,3,,,,,,,,,2,,
MSxk/07,,,,,,2,,,,,2,,,,,,,,3,,,,,,,,,2,,
MSxk/08,,1,1,,,2,,,,,2,,,,,,,,3,,,,,,,,,3,,
MSxk/09,,1,1,,,2,,,,,,,,,,,,,3,,,,,,,,,3,,
MSxv/01,,,,,,1,,,,,,,,,,,,,3,,,,,,,,,3,,
MSxv/02,,,,,,,,,,,,,,,,,,,3,,,,,,,,,,,
MSxv/03,,,,,,,,,,,,,,,,,,,3,,,,,,,,,,,
MSxv/04,,,,,,1,,,,,,,,,,,,,3,,,,,,,,,3,,
MSxv/05,,,,,,1,,,,,,,,,,,,,3,,,,,,,,,3,,
MSxv/06,,,,,,1,,,,,,,,,,,,,3,,,,,,,,,3,,
MSxv/07,,,,,,1,,,,,,,,,,,,,3,,,,,,,,,3,,
MSxv/08,,,,,,1,,,,,,,,,,,,,2,,,,,,,,,3,,
MSxv/09,,,,,,1,,,,,,,,,,,,,1,,,,,,,,,3,,
PPdh1/01,,,,,,,,,,,2,,,,,,,,,,3,,,,,,,,,
PPdh1/04,,,,,,,,,,,3,,,,,,,,,,3,,,,,,,,,
PPdh1/05,,1,1,,,,,,,1,3,,,,,,,,,,3,,,,,,,,,
PPdh1/06,,1,1,,,,,,,1,,,,,,,,,,,,,,,,,,,,
PPdh2/01,,,,,,,,,,,2,,,,,1,,,1,,3,,,,,,,,,
PPdh2/03,,1,1,,,,,,,1,3,,,,,1,,,1,,3,,,,,,,3,,
PPdh2/04,,1,,,,,,,,1,,,,,,,,,,,,,,,,,,,,
PPxh1/01,,,,,,,,,,,2,,,,,,,,,,3,,,,,,,,,
PPxh1/02,,,,,,,,,,,2,,,,,,,,,,3,,,,,,,,,
PPxh1/04,,,,,,,,,,,2,,,,,,,,,,3,,,,,,,,,
PPxh1/05,,,,,,,,,,,2,,,,,,,,,,3,,,,,,,,,
PPxh1/06,,,1,,,,,,,1,3,,,,,,,,,,3,,,,,,,,,
PPxh1/07,,,,,,,,,,,3,,,,,,,,,,3,,,,,,,,,
PPxh1/08,,1,1,,,,,,,1,3,,,,,,,,1,,2,,,,,,,2,,
PPxh2/01,,,,,,,,,,,2,,,,,,,,,,3,,,,,,,,,
PPxh2/02,,,,,,,,,,,2,,,,,,,,,,3,,,,,,,,,
PPxh2/03,,,,,,,,,,,2,,,,,,,,,,3,,,,,,,,,
PPxh2/04,,,,,,,,,,,2,,,,,,,,,,3,,,,,,,,,
PPxh2/06,,,,,,,,,,,3,,,,,,,,,,3,,,,,,,,,
PPxh2/07,,1,1,,,,,,,1,2,,,,,,,,3,,2,,,,,,,3,,
SBPSdc/01,,,1,,,,,,,,1,,,,,,,,3,,,,,1,,,,3,,
SBPSdc/02,,,1,,,,,,,,,,,,,,,,3,,,,,,,,,,,
SBPSdc/03,,,1,,,,,,,,,,,,,,,,3,,,,,1,,,,1,,
SBPSdc/04,,,1,,,,,,,,,,,,,,,,3,,,,,1,,,,3,,
SBPSdc/05,,,1,,,,,,,,,,,,,,,,3,,,,,1,,,,3,,
SBPSdc/06,,1,1,,,,,,,,,,,,,,,,3,,,,,1,,,,3,,
SBPSdc/07,,,,,,,,,,,,,,,,,,,2,,,,,1,,,,3,,
SBPSdc/08,,1,,,,,,,,,,,,,,,,,2,,,,,1,,,,3,,
SBPSmc/01,,,1,,,,,,,,2,,,,,2,,,3,,1,,,1,,,,2,,
SBPSmc/02,,,1,,,,,,,,,,,,,,,,3,,,,,1,,,,1,,
SBPSmc/03,,,1,,,,,,,,,,,,,,,,3,,,,,1,,,,1,,
SBPSmc/04,,,1,,,,,,,,,,,,,,,,3,,,,,3,,,,3,,
SBPSmc/05,,1,,,,,,,,,,,,,,,,,2,,,,,1,,,,3,,
SBPSmc/06,,1,,,,,,,,,,,,,,,,,2,,,,,1,,,,3,,
SBPSmc/07,,,,,,,,,,,,,,,,,,,3,,,,,3,,,,3,,
SBPSmk/01,,,1,,,,,,,,3,,,,,,,,3,,,,,,,,,3,,
SBPSmk/02,,,,,,,,,,,3,,,,,,,,3,,,,,,,,,1,,
SBPSmk/03,,,1,,,,,,,,3,,,,,,,,3,,,,,,,,,,,
SBPSmk/04,,,1,,,,,,,,3,,,,,,,,3,,,,,1,,,,3,,
SBPSmk/05,,,1,,,,,,,,3,,,,,,,,3,,,,,,,,,3,,
SBPSmk/06,,1,1,,,,,,,,,,,,,,,,3,,,,,,,,,3,,
SBPSmk/07,,1,1,,,2,,,,,,,,,,,,,2,,,,,,,,,3,,
SBPSmk/08,,,,,,,,,,,,,,,,,,,2,,,,,1,,,,3,,
SBPSxc/00,,,1,,,,,,,,3,,,,,,,,3,,,,,,,,,,,
SBPSxc/01,,,1,,,,,,,,1,,,,,,,,3,,,,,,,,,,,
SBPSxc/02b ,,,1,,,,,,,,,,,,,,,,3,,,,,,,,,,,
SBPSxc/02c,,,1,,,,,,,,3,,,,,,,,3,,,,,,,,,,,
SBPSxc/03,,,1,,,,,,,,,,,,,,,,3,,,,,,,,3,,,
SBPSxc/04,,,1,,,,,,,,,,,,,,,,3,,,,,,,,3,,,
SBPSxc/05,,1,1,,,,,,,,,,,,,,,,3,,,,,,,,3,,,
SBPSxc/06,,1,1,,,,,,,,,,,,,,,,3,,,,,,,,3,,,
SBSdh/01,,,1,,,2,,,,1,3,,,,,,,,3,,,,,,,,,3,,
SBSdh/02,,,,,,,,,,,,,,,,,,,3,,,,,,,,,1,,
SBSdh/03,,,,,,,,,,,3,,,,,3,,,3,1,,,,,,,,,,
SBSdh/04,,,,,,,,,,,3,,,,,,,,3,,,,,,,,,2,,
SBSdh/05,,,1,,,,,,,,,,,,,,,,3,,,,,1,,,,1,,
SBSdh/06,,,1,,,2,,,,1,3,,,,,,,,2,,,,,,,,,3,,
SBSdh/07,,1,1,,,2,,,,1,3,,,,,,,,3,,,,,,,,,3,,
SBSdh/08,,,,,,,,,,,,,,,,,,,3,,,,,3,,,,3,,
SBSdk/00,,1,1,,,,,,,1,3,,,,,,,,2,,,,,,,,,3,,
SBSdk/01,,,1,,,,,,,1,2,,,,,2,,,3,,,,,,,,,3,,
SBSdk/02,,,1,,,,,,,1,,,,,,,,,3,,,,,,,,,2,,
SBSdk/03,,,1,,,,,,,,2,,,,,2,,,3,,,,,2,,,,2,,
SBSdk/04,,,1,,,,,,,1,3,,,,,2,,,3,,,,,,,,,2,,
SBSdk/05,,,1,,,,,,,1,2,,,,,2,,,3,,,,,,,,,3,,
SBSdk/06,,1,1,,,,,,,1,2,,,,,2,,,3,,,,,,,,,3,,
SBSdk/07,,1,1,,,,,,,1,,,,,,,,,2,,,,,,,,,3,,
SBSdk/08,,1,1,,,,,,,1,,,,,,,,,2,,,,,,,,,3,,
SBSdk/09,,,,,,,,,,,,,,,,,,,3,,,,,3,,,,1,,
SBSdk/10,,,,,,,,,,,,,,,,,,,3,,,,,3,,,,3,,
SBSdw1/01,,,1,,,1,,,,1,3,,,,,,,,3,,,,,,,,,3,,
SBSdw1/02,,,1,,,,,,,,3,,,,,,,,3,,,,,,,,,,,
SBSdw1/03,,,1,,,,,,,,3,,,,,,,,3,,,,,,,,,,,
SBSdw1/04,,,1,,,,,,,1,3,,,,,,,,3,,,,,,,,,3,,
SBSdw1/05,,,1,,,,,,,1,3,,,,,,,,3,,,,,,,,,3,,
SBSdw1/06,,1,1,,,2,,,,1,3,,,,,,,,3,,,,,,,,,3,,
SBSdw1/07,,1,1,,,2,,,,1,3,,,,,,,,3,,,,,,,,,3,,
SBSdw1/08,,1,1,,,2,,,,1,3,,,,,,,,3,,,,,,,,,3,,
SBSdw1/09,,1,,,,2,,,,,,,,,,,,,2,,,,,,,,,3,,
SBSdw2/01,,,1,,,,,,,1,3,,,,,,,,3,,,,,,,,,3,,
SBSdw2/02,,,,,,,,,,,3,,,,,,,,3,,,,,,,,,,,
SBSdw2/03,,,1,,,,,,,,3,,,,,,,,3,,,,,,,,,,,
SBSdw2/04,,,1,,,,,,,,3,,,,,,,,3,,,,,,,,,,,
SBSdw2/05,,,3,,,,,,,1,3,,,,,,,,3,,,,,,,,,3,,
SBSdw2/06,,,1,,,,,,,1,3,,,,,,,,3,,,,,,,,,3,,
SBSdw2/07,,,1,,,,,,,,,,,,,,,,3,,,,,1,,,,3,,
SBSdw2/08,,1,1,,,2,,,,1,3,,,,,,,,3,,,,,,,,,3,,
SBSdw2/09,,1,1,,,2,,,,1,3,,,,,,,,3,,,,,,,,,3,,
SBSdw2/10,,1,,,,2,,,,,,,,,,,,,2,,,,,,,,,3,,
SBSdw2/11,,,,,,,,,,,,,,,,,,,2,,,,,1,,,,3,,
SBSdw3/01,,,1,,,1,,,,1,3,,,,,2,,,3,1,1,,,,,,,3,,
SBSdw3/02,,,,,,,,,,,3,,,,,,,,3,,,,,,,,,1,,
SBSdw3/03,,,1,,,,,,,,,,,,,,,,3,,,,,,,,,1,,
SBSdw3/04,,,1,,,,,,,1,3,,,,,,,,3,,,,,,,,,1,,
SBSdw3/05,,,1,,,,,,,,,,,,,,,,3,,,,,1,,,,1,,
SBSdw3/06,,1,1,,,2,,,,1,2,,,,,,,,3,,,,,1,,,,3,,
SBSdw3/07,,1,1,,,2,,,,1,,,,,,,,,2,,,,,,,,,3,,
SBSdw3/08,,1,1,,,2,,,,1,2,,,,,,,,3,,,,,,,,,3,,
SBSdw3/09,,,,,,2,,,,,,,,,,,,,3,,,,,,,,,3,,
SBSdw3/10,,,,,,,,,,,,,,,3,,,,3,,,,,3,,,,3,,
SBSmc1/01,,1,,,,2,,,,,3,,,,,,,,3,,,,,,,,,3,,
SBSmc1/02,,,,,,1,,,,,,,,,,,,,3,,,,,,,,,1,,
SBSmc1/03,,,1,,,,,,,,3,,,,,,,,3,,,,,,,,,,,
SBSmc1/04,,,,,,2,,,,,,,,,,,,,3,,,,,,,,,3,,
SBSmc1/05,,,,,,2,,,,,,,,,,,,,3,,,,,,,,,3,,
SBSmc1/06,,1,,,,2,,,,,3,,,,,,,,3,,,,,,,,,3,,
SBSmc1/07,,1,,,,2,,,,,3,,,,,,,,3,,,,,,,,,3,,
SBSmc1/08,,1,,,,2,,,,,,,,,,,,,2,,,,,,,,,3,,
SBSmc2/01,,,1,,,2,,,,,,,,,,,,,3,,,,,,,,,3,,
SBSmc2/02,,,1,,,1,,,,,,,,,,,,,3,,,,,,,,,1,,
SBSmc2/03,,,1,,,2,,,,,,,,,,,,,3,,,,,2,,,,2,,
SBSmc2/03‡,,,1,,,2,,,,,,,,,,,,,3,,,,,2,,,,2,,
SBSmc2/04,,,1,,,2,,,,,,,,,,,,,3,,,,,,,,,3,,
SBSmc2/05,,1,1,,,2,,,,,,,,,,,,,3,,,,,,,,,3,,
SBSmc2/05‡,,1,1,,,2,,,,,,,,,,,,,3,,,,,,,,,3,,
SBSmc2/06,,1,1,,,2,,,,,,,,,,,,,3,,,,,,,,,3,,
SBSmc2/07,,,1,,,1,,,,,,,,,,,,,3,,,,,3,,,,3,,
SBSmc2/07‡,,,1,,,1,,,,,,,,,,,,,3,,,,,3,,,,3,,
SBSmc2/08,,1,1,,,2,,,,,,,,,,,,,3,,,,,,,,,3,,
SBSmc2/09,,1,1,,,2,,,,,,,,,,,,,2,,,,,,,,,3,,
SBSmc2/09‡,,1,1,,,2,,,,,,,,,,,,,2,,,,,,,,,3,,
SBSmc2/10,,1,1,,,2,,,,,,,,,,,,,2,,,,,,,,,3,,
SBSmc2/11,,1,,,,2,,,,,,,,,,,,,2,,,,,,,,,3,,
SBSmc2/12,,,,,,,,,,,,,,,,,,,3,,,,,3,,,,3,,
SBSmc2/12‡,,,,,,,,,,,,,,,,,,,3,,,,,3,,,,3,,
SBSmc3/01,,,0,,,2,,,,0,1,,,,,1,,,3,,,,,,,,,3,,
SBSmc3/02,,,,,,,,,,,,,,,,,,,3,,,,,,,,,1,,
SBSmc3/03,,,,,,,,,,,,,,,,,,,3,,,,,,,,,1,,
SBSmc3/04,,,,,,1,,,,,,,,,,,,,3,,,,,1,,,,3,,
SBSmc3/05,,,,,,,,,,,,,,,,,,,3,,,,,1,,,,1,,
SBSmc3/06,,,,,,,,,,,,,,,,,,,3,,,,,1,,,,1,,
SBSmc3/07,,1,1,,,2,,,,1,,,,,,,,,3,,,,,1,,,,3,,
SBSmc3/08,,1,,,,2,,,,,,,,,,,,,2,,,,,1,,,,3,,
SBSmc3/09,,,,,,,,,,,,,,,,,,,3,,,,,3,,,,3,,
SBSmh/01,,1,1,,,2,,,,1,3,,,,,,,,3,,,,,,,,,3,,
SBSmh/02,,,1,,,,,,,1,3,,,,,,,,3,,,,,,,,,,,
SBSmh/03,,,1,,,2,,,,1,3,,,,,,,,3,,,,,,,,,3,,
SBSmh/04,,,1,,,1,,,,1,3,,,,,,,,,,,,,,,,,1,,
SBSmh/05,,1,1,,,2,,,,1,3,,,,,,,,3,,,,,,,,,3,,
SBSmh/06,,1,1,,,2,,,,1,3,,,,,,,,3,,,,,,,,,3,,
SBSmh/07,,1,1,,,2,,,,1,3,,,,,,,,,,,,,,,,,3,,
SBSmh/08,,1,1,,,2,,,,1,3,,,,,,,,,,,,,,,,,3,,
SBSmh/09,,1,,,,2,,,,,,,,,,,,,,,,,,,,,,3,,
SBSmk1/01,,,1,,,2,,,,1,2,,,,,,,,3,,,,,,,,,3,,
SBSmk1/02,,,1,,,,,,,,,,,,,,,,3,,,,,,,,,1,,
SBSmk1/03,,,1,,,,,,,,,,,,,,,,3,,,,,,,,,1,,
SBSmk1/04,,,1,,,1,,,,1,3,,,,,,,,3,,,,,,,,,1,,
SBSmk1/05,,,1,,,1,,,,1,2,,,,,,,,3,,,,,,,,,3,,
SBSmk1/06,,,1,,,,,,,,,,,,,,,,3,,,,,1,,,,1,,
SBSmk1/07,,1,1,,,2,,,,1,2,,,,,,,,3,,,,,,,,,3,,
SBSmk1/08,,1,1,,,2,,,,1,,,,,,,,,2,,,,,,,,,3,,
SBSmk1/09,,1,1,,,2,,,,,,,,,,,,,2,,,,,1,,,,3,,
SBSmk1/10,,,,,,,,,,,,,,,,,,,3,,,,,3,,,,3,,
SBSmk2/01,,,1,,,2,,,,1,,,,,,,,,3,,,,,,,,,3,,
SBSmk2/02,,,1,,,,,,,,,,,,,,,,3,,,,,,,,,1,,
SBSmk2/03,,,1,,,1,,,,1,,,,,,,,,3,,,,,,,,,3,,
SBSmk2/04,,,1,,,,,,,,,,,,,,,,3,,,,,1,,,,1,,
SBSmk2/05,,1,1,,,2,,,,1,,,,,,,,,3,,,,,,,,,3,,
SBSmk2/06,,1,1,,,2,,,,,,,,,,,,,2,,,,,,,,,3,,
SBSmm/01,,1,1,,,2,,,,,2,,,,,1,,,3,,,,,,,,,3,,
SBSmm/02,,,1,,,1,,,,,2,,,,,,,,3,,,,,,,,,1,,
SBSmm/03,,,,,,1,,,,,3,,,,,,,,3,,,,,,,,,1,,
SBSmm/04,,,1,,,1,,,,,2,,,,,,,,3,,,,,,,,,1,,
SBSmm/05,,,1,,,2,,,,,2,,,,,1,,,3,,,,,,,,,2,,
SBSmm/06,,,1,,,2,,,,,2,,,,,1,,,3,,,,,,,,,3,,
SBSmm/07,,1,1,,,2,,1,,,2,,,,,,,,3,,,,,,,,,3,,
SBSmm/08,,1,1,,,2,,,,1,,,,,,,,,3,,,,,,,,,3,,
SBSmw/01,,1,1,,,2,,,,1,3,,,,,,,,3,,,,,,,,,3,,
SBSmw/02,,,1,,,1,,,,1,3,,,,,,,,3,,,,,,,,,1,,
SBSmw/03,,,1,,,1,,,,,3,,,,,,,,3,,,,,,,,,1,,
SBSmw/04,,,3,,,2,,,,3,3,,,,,,,,3,,,,,,,,,3,,
SBSmw/05,,1,1,,,2,,,,,,,,,,,,,3,,,,,,,,,3,,
SBSmw/06,,1,1,,,2,,,,1,3,,,,,,,,3,,,,,,,,,3,,
SBSmw/07,,1,1,,,3,,,,,,,,,,,,,3,,,,,,,,,3,,
SBSmw/08,,1,1,,,2,,,,1,3,,,,,,,,2,,,,,,,,,3,,
SBSmw/09,,1,,,,2,,,,,,,,,,,,,2,,,,,,,,,3,,
SBSmw/10,,,,,,,,,,,,,,,,,,,3,,,,,1,,,,3,,
SBSvk/01,,1,1,,,2,,,,1,2,,,,,,,,2,,,,,,,,,3,,
SBSvk/02,,,1,,,1,,,,,,,,,,,,,3,,,,,,,,,1,,
SBSvk/03,,,1,,,2,,,,1,3,,,,,,,,2,,,,,,,,,3,,
SBSvk/04,,1,1,,,2,,,,1,2,,,,,,,,2,,,,,,,,,3,,
SBSvk/05,,1,1,,,2,,,,,,,,,,,,,2,,,,,,,,,3,,
SBSvk/06,,1,1,,,2,,,,,,,,,,,,,2,,,,,,,,,3,,
SBSvk/07,,1,,,,2,,,,,,,,,,,,,2,,,,,,,,,3,,
SBSvk/08,,,,,,,,,,,,,,,,,,,3,,,,,3,,,,3,,
SBSvk/09,,,,,,1,,,,,,,,,,,,,3,,,,,,,,,1,,
SBSvk/10,,,,,,3,,,,,,,,,,,,,,,,,,,,,,3,,
SBSwk1/01,,1,1,,,2,,,,1,3,,,,,,,,3,,,,,,,,,3,,
SBSwk1/02,,,,,,1,,,,,3,,,,,,,,3,,,,,,,,,1,,
SBSwk1/03,,,1,,,1,,,,,3,,,,,,,,3,,,,,,,,,2,,
SBSwk1/04,,,1,,,2,,,,1,3,,,,,,,,3,,,,,,,,,3,,
SBSwk1/05,,,1,,,2,,,,1,3,,,,,,,,3,,,,,,,,,3,,
SBSwk1/06,,1,1,,,2,,,,1,,,,,,,,,3,,,,,1,,,,3,,
SBSwk1/07,,1,1,,,2,,,,1,,,,,,,,,3,,,,,,,,,3,,
SBSwk1/08,,1,1,,,2,,,,1,,,,,,,,,2,,,,,,,,,3,,
SBSwk1/09,,1,1,,,2,,,,,,,,,,,,,2,,,,,,,,,3,,
SBSwk1/10,,1,,,,2,,,,,,,,,,,,,2,,,,,,,,,3,,
SBSwk1/11,,,,,,1,,,,,,,,,,,,,3,,,,,3,,,,3,,
SBSwk1/12,,,1,,,,,,,,,,,,,,,,3,,,,,1,,,,1,,
SBSwk2/01,,1,1,,,2,,,,1,,,,,,,,,3,,,,,,,,,3,,
SBSwk2/02,,,,,,1,,,,,,,,,,,,,3,,,,,,,,,1,,
SBSwk2/03,,,1,,,2,,,,1,,,,,,,,,3,,,,,,,,,3,,
SBSwk2/04,,,1,,,,,,,,,,,,,,,,3,,,,,1,,,,1,,
SBSwk2/05,,1,1,,,3,,,,1,,,,,,,,,2,,,,,,,,,3,,
SBSwk2/06,,1,1,,,3,,,,,,,,,,,,,2,,,,,,,,,3,,
SBSwk3/01,,1,1,,,2,,,,1,,,,,,,,,3,,,,,,,,,3,,
SBSwk3/02,,,,,,1,,,,,,,,,,,,,3,,,,,,,,,1,,
SBSwk3/03,,,1,,,,,,,1,3,,,,,,,,3,,,,,,,,,2,,
SBSwk3/04,,,1,,,2,,,,1,,,,,,,,,3,,,,,,,,,3,,
SBSwk3/05,,,1,,,,,,,,,,,,,,,,3,,,,,1,,,,1,,
SBSwk3/06,,1,1,,,2,,,,1,,,,,,,,,3,,,,,,,,,3,,
SBSwk3/07,,1,1,,,2,,,,1,,,,,,,,,2,,,,,,,,,3,,
SBSwk3/08,,1,1,,,2,,,,,,,,,,,,,2,,,,,,,,,3,,
SBSwk3a/01,,1,1,,,2,,,,1,3,,,,,,,,3,,,,,,,,,3,,
SBSwk3a/02,,,,,,1,,,,,,,,,,,,,3,,,,,,,,,1,,
SBSwk3a/03,,,1,,,,,,,1,3,,,,,,,,3,,,,,,,,,2,,
SBSwk3a/04,,,1,,,2,,,,1,3,,,,,,,,3,,,,,,,,,3,,
SBSwk3a/05,,,1,,,,,,,,,,,,,,,,3,,,,,1,,,,1,,
SBSwk3a/06,,1,1,,,2,,,,1,,,,,,,,,3,,,,,,,,,3,,
SBSwk3a/07,,1,1,,,2,,,,1,3,,,,,,,,2,,,,,,,,,3,,
SBSwk3a/08,,1,1,,,2,,,,,,,,,,,,,2,,,,,,,,,3,,
